첨부파일	점착제	작업자	분류	설명	이론 고형분(%)	측정 고형분(%)	수율(%)	전환율(%)	응집량(%)	pH	Tg	점도(cP)	초기 유화제 농도	입도(nm)	Scale	모노머	용제	개시제	유화제 및 첨가제	반응시간	온도
S250421A,B 작업지시서,온도기록표.pdf	S250421B	이민지	재현검증	[910]	0.47	0.40	0.55	0.86	7.3e-03	8-9	-40.04	40.00	4.14E-03		547.98	BA 39.35 / 2-EHA 39.35 / CHMA 20 / AA 1.3	증류수 105.75wt%	KPS 0.32wt% ( 후첨 0.10wt% )	SR-1025 2.83wt%(초기 0.04wt%) / ER-10 0.15wt% / NH4OH 0.11wt%	4.75시간	83
S250421A,B 작업지시서,온도기록표.pdf	S250421A	이민지	재현검증	[911]	0.48	0.47	0.82	0.97	3.9e-03	8-9	-41.92	100.00	2.50E-03		524.27	BA 89.7 / MMA 9 / AA 1.3	증류수 101.8wt%	KPS 0.33wt% ( 후첨 0.10wt% )	SR-1025 1.50wt%(초기 0.03wt%) / ER-10 0.08wt% / NaHCO3 0.06wt% / NH4OH 0.11wt%	4.75시간	83
S250417G,H 작업지시서,온도기록표.pdf	S250417H	노항우	장기보관성개선	[911기반] BA : 2-EHA = 2 : 2 > NG(응집)	0.48								2.50E-03		312.76	BA 44.85 / 2-EHA 44.85 / MMA 9 / AA 1.3	증류수 101.8wt%	KPS 0.33wt% ( 후첨 0.10wt% )	SR-1025 1.50wt%(초기 0.03wt%) / ER-10 0.08wt% / NaHCO3 0.06wt%	4.75시간	83
S250417G,H 작업지시서,온도기록표.pdf	S250417G	노항우	장기보관성개선	[911기반] BA : 2-EHA = 3 : 1 > NG(응집)	0.48								2.50E-03		312.76	BA 67.28 / 2-EHA 22.43 / MMA 9 / AA 1.3	증류수 101.8wt%	KPS 0.33wt% ( 후첨 0.10wt% )	SR-1025 1.50wt%(초기 0.03wt%) / ER-10 0.08wt% / NaHCO3 0.06wt%	4.75시간	83
S250416G,H 작업지시서,온도기록표.pdf	S250416H	노항우	장기보관성개선	[기초실험] AAm + AA 적용 검토 > NG(유화실패)	0.48								8.00E-02		318.43	BA 38.35 / 2-EHA 38.35 / IBOMA 20 / 2-HEMA 2 / AA 1.3	증류수 105.75wt%	KPS 0.32wt% ( 후첨 0.10wt% )	AAm 2.83wt%(초기 0.04wt%) / AA 2.79 / ER-10 0.15wt%		
S250416G,H 작업지시서,온도기록표.pdf	S250416G	노항우	장기보관성개선	[909]	0.46	0.43	0.48	0.93	0.06	8	-41.70	50.00	4.14E-03		333.29	BA 38.35 / 2-EHA 38.35 / IBOMA 20 / 2-HEMA 2 / AA 1.3	증류수 105.75wt%	KPS 0.32wt% ( 후첨 0.10wt% )	SR-1025 2.83wt%(초기 0.04wt%) / ER-10 0.15wt% / NH4OH 0.38wt%	4.75시간	83
S250415F-H 작업지시서,온도기록표.pdf	S250415H	노항우	장기보관성개선	[909기반] HDDA 0.25%	0.46	0.43	0.59	0.94	0.04	8-9		50.00	4.14E-03		334.77	BA 38.35 / 2-EHA 38.35 / IBOMA 20 / 2-HEMA 2 / AA 1.3 / HDDA 0.25%	증류수 105.75wt%	KPS 0.32wt% ( 후첨 0.10wt% )	SR-1025 2.83wt%(초기 0.04wt%) / ER-10 0.15wt% / NH4OH 0.47wt%	4.75시간	83
S250415F-H 작업지시서,온도기록표.pdf	S250415G	노항우	장기보관성개선	[910기반] HDDA 0.25%	0.46	0.42	0.54	0.90	0.08	8-9		50.00	4.14E-03		333.23	BA 39.35 / 2-EHA 39.35 / CHMA 20 / AA 1.3 / HDDA 0.25	증류수 105.75wt%	KPS 0.32wt% ( 후첨 0.10wt% )	SR-1025 2.83wt%(초기 0.04wt%) / ER-10 0.15wt% / NH4OH 0.38wt%	4.75시간	83
S250415F-H 작업지시서,온도기록표.pdf	S250415F	노항우	장기보관성개선	[910]	0.46	0.43	0.34	0.92	0.15	8	-40.04	50.00	4.14E-03		331.17	BA 39.35 / 2-EHA 39.35 / CHMA 20 / AA 1.3	증류수 105.75wt%	KPS 0.32wt% ( 후첨 0.10wt% )	SR-1025 2.83wt%(초기 0.04wt%) / ER-10 0.15wt% / NH4OH 0.25wt%	4.75시간	83
S250407F 작업지시서,온도기록표.pdf	S250407F	노항우	장기보관성개선	[911기반] SR-1025 1.25% + A-10 0.08%	0.48	0.44	0.61	0.92	1.5e-03	8-9	-41.92	25.00	2.26E-03		314.65	BA 89.7 / MMA 9 / AA 1.3	증류수 101.8wt%	KPS 0.33wt% ( 후첨 0.10wt% )	SR-1025 1.28wt%(초기 0.03wt%) / A-10 0.08wt% / NaHCO3 0.06wt% / NH4OH 0.19wt%	4.75시간	83
S250403G,H 작업지시서,온도기록표.pdf	S250403H	노항우	칼라강판용	[913기반] GMA 10% + AA 10% > NG(응집)	0.47								3.77E-03		325.38	BA 60 / CHMA 20 / GMA 10 / AA 10	증류수 104.61wt%	KPS 0.32wt% ( 후첨 0.10wt% )	SR-1025 2.83wt%(초기 0.04wt%) / ER-10 0.15wt%	4.75시간	83
S250403G,H 작업지시서,온도기록표.pdf	S250403G	노항우	칼라강판용	[913기반] GMA 10% + AA 5%	0.46	0.45	0.65	0.97		6-7	-21.76	1100.00	3.77E-03		335.98	BA 65 / CHMA 20 / GMA 10 / AA 5	증류수 104.61wt%	KPS 0.32wt% ( 후첨 0.10wt% )	SR-1025 2.83wt%(초기 0.04wt%) / ER-10 0.15wt% / NH4OH 0.64wt%	4.75시간	83
S250402F-H 작업지시서,온도기록표.pdf	S250402H	노항우	칼라강판용	[913기반] GMA 5% + AA 5%	0.45	0.43	0.65	0.95	3.6e-03	6-7	-25.92	1400.00	3.77E-03		337.38	BA 70 / CHMA 20 / GMA 5 / AA 5	증류수 104.61wt%	KPS 0.32wt% ( 후첨 0.10wt% )	SR-1025 2.83wt%(초기 0.04wt%) / ER-10 0.15wt% / NH4OH 0.72wt%	4.75시간	83
S250402F-H 작업지시서,온도기록표.pdf	S250402G	노항우	칼라강판용	[913기반] GMA 5% + AA 3%	0.46	0.45	0.68	0.97	3.7e-03	7-8	-29.70	100.00	3.77E-03		332.33	BA 72 / CHMA 20 / GMA 5 / AA 3	증류수 104.61wt%	KPS 0.32wt% ( 후첨 0.10wt% )	SR-1025 2.83wt%(초기 0.04wt%) / ER-10 0.15wt% / NH4OH 0.42wt%	4.75시간	83
S250402F-H 작업지시서,온도기록표.pdf	S250402F	노항우	칼라강판용	[913기반] GMA 5% + AA 1% (재현)	0.47	0.45	0.76	0.97	3.7e-03	7-8	-33.47	50.00	3.77E-03		329.38	BA 74 / CHMA 20 / GMA 5 / AA 1	증류수 104.61wt%	KPS 0.32wt% ( 후첨 0.10wt% )	SR-1025 2.83wt%(초기 0.04wt%) / ER-10 0.15wt% / NH4OH 0.24wt%	4.75시간	83
S250401F-H 작업지시서,온도기록표.pdf	S250401H	노항우	장기보관성개선	[911기반] SR-1025 1.25% + ER-10 0.1%	0.48	0.46	0.44	0.95	0.07	8-9	-41.92	50.00	2.29E-03		313.18	BA 89.7 / MMA 9 / AA 1.3	증류수 101.8wt%	KPS 0.33wt% ( 후첨 0.10wt% )	SR-1025 1.28wt%(초기 0.03wt%) / ER-10 0.10wt% / NaHCO3 0.06wt% / NH4OH 0.10wt%	4.75시간	83
S250401F-H 작업지시서,온도기록표.pdf	S250401G	노항우	장기보관성개선	[911기반] SR-1025 1.25%	0.48	0.46	0.62	0.96	0.01	8-9	-41.92	50.00	2.26E-03		313.89	BA 89.7 / MMA 9 / AA 1.3	증류수 101.8wt%	KPS 0.33wt% ( 후첨 0.10wt% )	SR-1025 1.28wt%(초기 0.03wt%) / ER-10 0.08wt% / NaHCO3 0.06wt% / NH4OH 0.15wt%	4.75시간	83
S250401F-H 작업지시서,온도기록표.pdf	S250401F	노항우	장기보관성개선	[911기반] ER-10 0.1%	0.48	0.47	0.61	0.97	0.01	8-9	-41.92	100.00	2.52E-03		315.70	BA 89.7 / MMA 9 / AA 1.3	증류수 101.8wt%	KPS 0.33wt% ( 후첨 0.10wt% )	SR-1025 1.50wt%(초기 0.03wt%) / ER-10 0.10wt% / NaHCO3 0.06wt% / NH4OH 0.17wt%	4.75시간	83
S250424F-H 작업지시서,온도기록표.pdf	S250424H	노항우	칼라강판용	[913기반] GMA 5% + AA 3% + HDDA 0.25%	0.47	0.42	0.65	0.90	3.5e-03	8-9		100.00	3.77E-03		329.31	BA 71.75 / CHMA 20 / GMA 5 / AA 3 / HDDA 0.25	증류수 104.61wt%	KPS 0.32wt% ( 후첨 0.10wt% )	SR-1025 2.83wt%(초기 0.04wt%) / ER-10 0.15wt% / NH4OH 0.24wt%	4.75시간	83
S250424F-H 작업지시서,온도기록표.pdf	S250424G	노항우	칼라강판용	[913기반] GMA 5% + AA 3% + BA:2-EHA = 1:1	0.46	0.44	0.71	0.95	3.5e-03	8-9	-31.91	1350.00	3.77E-03		330.36	BA 36 / 2-EHA 36 / CHMA 20 / GMA 5 / AA 3	증류수 104.61wt%	KPS 0.32wt% ( 후첨 0.10wt% )	SR-1025 2.83wt%(초기 0.04wt%) / ER-10 0.15wt% / NH4OH 0.30wt%	4.75시간	83
S250424F-H 작업지시서,온도기록표.pdf	S250424F	이민지	재현검증	[910]	0.46	0.43	0.62	0.92	0.01	8-9	-40.04	40.00	4.14E-03		330.29	BA 39.35 / 2-EHA 39.35 / CHMA 20 / AA 1.3	증류수 105.75wt%	KPS 0.32wt% ( 후첨 0.10wt% )	SR-1025 2.83wt%(초기 0.04wt%) / ER-10 0.15wt% / NH4OH 0.20wt%	4.75시간	83
S250423A,B,G,H 작업지시서,온도기록표.pdf	S250423H	노항우	장기보관성개선	[909기반] HDDA 적용 : 0.5%	0.46	0.44	0.69	0.94	0.03	8-9		50.00	4.14E-03		329.88	BA 38.1 / 2-EHA 38.1 / IBOMA 20 / 2-HEMA 2 / AA 1.3 / HDDA 0.5	증류수 105.75wt%	KPS 0.32wt% ( 후첨 0.10wt% )	SR-1025 2.83wt%(초기 0.04wt%) / ER-10 0.15wt% / NH4OH 0.17wt%	4.75시간	83
S250423A,B,G,H 작업지시서,온도기록표.pdf	S250423G	노항우	장기보관성개선	[909기반] HDDA 적용 : 0.35%	0.46	0.42	0.62	0.91	0.05	8-9		200.00	4.14E-03		329.83	BA 38.18 / 2-EHA 38.18 / IBOMA 20 / 2-HEMA 2 / AA 1.3 / HDDA 0.35	증류수 105.75wt%	KPS 0.32wt% ( 후첨 0.10wt% )	SR-1025 2.83wt%(초기 0.04wt%) / ER-10 0.15wt% / NH4OH 0.17wt%	4.75시간	83
S250423A,B,G,H 작업지시서,온도기록표.pdf	S250423B	노항우	장기보관성개선	[911기반] AA 증량 : 2.5%	0.48	0.47	0.98	0.98	2.1e-03	8-9	-39.90	700.00	2.50E-03		526.74	BA 88.5 / MMA 9 / AA 2.5	증류수 101.8wt%	KPS 0.33wt% ( 후첨 0.10wt% )	SR-1025 1.50wt%(초기 0.03wt%) / ER-10 0.08wt% / NaHCO3 0.06wt% / NH4OH 0.20wt%	4.75시간	83
S250423A,B,G,H 작업지시서,온도기록표.pdf	S250423A	노항우	장기보관성개선	[911기반] AA 증량 : 2%	0.48	0.47	0.80	0.97	3.2e-03	8-9	-40.74	250.00	2.50E-03		525.94	BA 89 / MMA 9 / AA 2	증류수 101.8wt%	KPS 0.33wt% ( 후첨 0.10wt% )	SR-1025 1.50wt%(초기 0.03wt%) / ER-10 0.08wt% / NaHCO3 0.06wt% / NH4OH 0.17wt%	4.75시간	83
S250422A,B 작업지시서,온도기록표.pdf	S250422B	이민지	딥드로잉용	[917기반] 806 조성 적용	0.46	0.45	0.85	0.98	4.4e-03	8-9	-12.98	300.00	4.13E-03		556.27	BA 68 / MMA 30 / AA 2 / NDM 0.4	증류수 105.75wt%	KPS 0.32wt% ( 후첨 0.10wt% )	SR-1025 2.83wt%(초기 0.04wt%) / ER-10 0.15wt% / NH4OH 0.18wt% / NH4OH(P/E) 5.399g	4.75시간	83
S250422A,B 작업지시서,온도기록표.pdf	S250422A	이민지	딥드로잉용	[909기반] 806 조성 적용	0.47	0.44	0.76	0.94	2.6e-03	8-9	-12.98	400.00	4.15E-03		550.37	BA 68 / MMA 30 / AA 2	증류수 105.75wt%	KPS 0.32wt% ( 후첨 0.10wt% )	SR-1025 2.83wt%(초기 0.04wt%) / ER-10 0.15wt% / NH4OH 0.20wt%	4.75시간	83
S250421G,H 작업지시서,온도기록표.pdf	S250421H	노항우	장기보관성개선	[910기반] HDDA 0.5%	0.47	0.44	0.68	0.95	0.02	8-9		50.00	4.14E-03		329.21	BA 39.1 / 2-EHA 39.1 / CHMA 20 / AA 1.3 / HDDA 0.5	증류수 105.75wt%	KPS 0.32wt% ( 후첨 0.10wt% )	SR-1025 2.83wt%(초기 0.04wt%) / ER-10 0.15wt% / NH4OH 0.13wt%	4.75시간	83
S250421G,H 작업지시서,온도기록표.pdf	S250421G	노항우	장기보관성개선	[910기반] HDDA 0.35%	0.47	0.45	0.58	0.96	0.04	8-9		50.00	4.14E-03		329.05	BA 39.18 / 2-EHA 39.18 / CHMA 20 / AA 1.3 / HDDA 0.35	증류수 105.75wt%	KPS 0.32wt% ( 후첨 0.10wt% )	SR-1025 2.83wt%(초기 0.04wt%) / ER-10 0.15wt% / NH4OH 0.12wt%	4.75시간	83
S250418G,H 작업지시서,온도기록표.pdf	S250418H	노항우	장기보관성개선	[911기반] BA:2-EHA = 2:2	0.48	0.46	0.64	0.95	0.02	8-9	-46.20	50.00	2.50E-03		314.90	BA 44.85 / 2-EHA 44.85 / MMA 9 / AA 1.3	증류수 101.8wt%	KPS 0.33wt% ( 후첨 0.10wt% )	SR-1025 1.50wt%(초기 0.03wt%) / ER-10 0.08wt% / NaHCO3 0.06wt% / NH4OH 0.13wt%	4.75시간	83
S250421G,H 작업지시서,온도기록표.pdf	S250418G	노항우	장기보관성개선	[911기반] BA:2-EHA = 3:1	0.48	0.47	0.67	0.97	0.02	8-9	-43.84	50.00	2.50E-03		314.79	BA 67.28 / 2-EHA 22.42 / MMA 9 / AA 1.3	증류수 101.8wt%	KPS 0.33wt% ( 후첨 0.10wt% )	SR-1025 1.50wt%(초기 0.03wt%) / ER-10 0.08wt% / NaHCO3 0.06wt% / NH4OH 0.12wt%	4.75시간	83
S250430A-C 작업지시서,온도기록표.pdf	S250430A	노항우	난부착용	[913기반] BA > 2-EHA	0.47	0.44	0.52	0.94	0.05	8-9		100.00	3.77E-03		327.86	2-EHA 78.7 / CHMA 20 / AA 1.3	증류수 104.61wt%	KPS 0.32wt% ( 후첨 0.10wt% )	SR-1025 2.83wt%(초기 0.04wt%) / ER-10 0.15wt% / NH4OH 0.15wt%	4.75시간	83
	S250430B	노항우	난부착용	[913기반] BA > 2-EHA + CHMA > BA	0.47	0.45	0.64	0.97	0.02	8-9		200.00	3.77E-03		328.62	2-EHA 78.7 / BA 20 / AA 1.3	증류수 104.61wt%	KPS 0.32wt% ( 후첨 0.10wt% )	SR-1025 2.83wt%(초기 0.04wt%) / ER-10 0.15wt% / NH4OH 0.19wt%	4.75시간	83
S250430A-C 작업지시서,온도기록표.pdf	S250430C	노항우	난부착용	[913기반] BA > 2-EHA + CHMA > LMA	0.47	0.41	0.62	0.87	1.1e-03	8-9		50.00	3.77E-03		328.58	2-EHA 78.7 / LMA 20 / AA 1.3	증류수 104.61wt%	KPS 0.32wt% ( 후첨 0.10wt% )	SR-1025 2.83wt%(초기 0.04wt%) / ER-10 0.15wt% / NH4OH 0.19wt%	4.75시간	83
S250430D,F-H 작업지시서,온도기록표.pdf	S250430D	노항우	장기보관성개선	[911기반] MMA 4.5wt%	0.48	0.46	0.73	0.96	3.1e-03	8-9		100.00	2.50E-03		315.91	BA 94.2 / MMA 4.5 / AA 1.3	증류수 101.8wt%	KPS 0.33wt% ( 후첨 0.10wt% )	SR-1025 1.50wt%(초기 0.03wt%) / ER-10 0.08wt% / NaHCO3 0.06wt% / NH4OH 0.19wt%	4.75시간	83
S250430D,F-H 작업지시서,온도기록표.pdf	S250430H	노항우	장기보관성개선	[911기반] MMA > EMA	0.48	0.45	0.70	0.93	0.02	8-9		50.00	2.50E-03		316.17	BA 89.7 / EMA 9 / AA 1.3	증류수 101.8wt%	KPS 0.33wt% ( 후첨 0.10wt% )	SR-1025 1.50wt%(초기 0.03wt%) / ER-10 0.08wt% / NaHCO3 0.06wt% / NH4OH 0.20wt%	4.75시간	83
	S250430F	노항우	장기보관성개선	[911기반] MMA > BMA	0.48	0.46	0.66	0.96	0.01	8-9		100.00	2.50E-03		316.05	BA 89.7 / BMA 9 / AA 1.3	증류수 101.8wt%	KPS 0.33wt% ( 후첨 0.10wt% )	SR-1025 1.50wt%(초기 0.03wt%) / ER-10 0.08wt% / NaHCO3 0.06wt% / NH4OH 0.20wt%	4.75시간	83
	S250430G	노항우	장기보관성개선	[911기반] MMA > EA	0.48	0.45	0.65	0.94	0.06	8-9		50.00	2.50E-03		316.17	BA 89.7 / EA 9 / AA 1.3	증류수 101.8wt%	KPS 0.33wt% ( 후첨 0.10wt% )	SR-1025 1.50wt%(초기 0.03wt%) / ER-10 0.08wt% / NaHCO3 0.06wt% / NH4OH 0.20wt%	4.75시간	83
S250429F-H 작업지시서,온도기록표.pdf	S250429F	노항우	장기보관성개선	[913기반] Ref.	0.46	0.41	0.42	0.89	5.9e-03	8-9	-36.75	50.00	4.14E-03		329.97	BA 78.7 / CHMA 20 / AA 1.3	증류수 104.61wt%	KPS 0.32wt% ( 후첨 0.10wt% )	SR-1025 2.83wt%(초기 0.04wt%) / ER-10 0.15wt% / NH4OH 0.18wt%	4.75시간	83
	S250429G	노항우	장기보관성개선	[913기반] HDDA 0.25%	0.46	0.43	0.65	0.92	0.03	8-9	-36.75	50.00	4.14E-03		330.08	BA 78.45 / CHMA 20 / AA 1.3 / HDDA 0.25	증류수 104.61wt%	KPS 0.32wt% ( 후첨 0.10wt% )	SR-1025 2.83wt%(초기 0.04wt%) / ER-10 0.15wt% / NH4OH 0.19wt%	4.75시간	83
S250429F-H 작업지시서,온도기록표.pdf	S250429H	노항우	장기보관성개선	[913기반] HDDA 0.5%	0.46	0.50	0.60	1.08	0.07	8-9	-36.75	50.00	4.14E-03		330.08	BA 78.2 / CHMA 20 / AA 1.3 / HDDA 0.5	증류수 104.61wt%	KPS 0.32wt% ( 후첨 0.10wt% )	SR-1025 2.83wt%(초기 0.04wt%) / ER-10 0.15wt% / NH4OH 0.19wt%	4.75시간	83
S250428A,B,F,G 작업지시서,온도기록표.pdf	S250428A	이민지	가공용	[909기반] 806 조성 + HDDA 0.5%	0.47	0.44	0.55	0.93	0.07	8-9	-12.98	50.00	3.99E-03		329.12	BA 67.5 / MMA 30 / AA 2 / HDDA 0.5	증류수 105.75wt%	KPS 0.32wt% ( 후첨 0.10wt% )	SR-1025 2.83wt%(초기 0.04wt%) / ER-10 0.15wt% / NH4OH 0.13wt%	4.75시간	83
S250428A,B,F,G 작업지시서,온도기록표.pdf	S250428B	이민지	가공용	[909기반] 806 조성 + HDDA 0.5% + NDM 0.4%	0.47	0.45	0.78	0.96	2.5e-03	8-9	-12.98	400.00	4.14E-03		330.83	BA 67.5 / MMA 30 / AA 2 / HDDA 0.5 / NDM 0.4	증류수 105.75wt%	KPS 0.32wt% ( 후첨 0.10wt% )	SR-1025 2.83wt%(초기 0.04wt%) / ER-10 0.15wt% / NH4OH 0.20wt% / NH4OH(P/E) 3.240g	4.75시간	83
S250428A,B,F,G 작업지시서,온도기록표.pdf	S250428F	노항우	칼라강판용	[913기반] GMA 5% + AA 3% (재현)	0.47	0.44	0.68	0.93	5.8e-03	7-8	-29.70	200.00	3.77E-03		329.05	BA 72 / CHMA 20 / GMA 5 / AA 3	증류수 104.61wt%	KPS 0.32wt% ( 후첨 0.10wt% )	SR-1025 2.83wt%(초기 0.04wt%) / ER-10 0.15wt% / NH4OH 0.22wt%	4.75시간	83
S250428A,B,F,G 작업지시서,온도기록표.pdf	S250428G	정주현	재현검증	[909]	0.46	0.43	0.80	0.93	0.01	9	-41.70	90.00	4.14E-03		552.94	BA 38.35 / 2-EHA 38.35 / IBOMA 20 / 2-HEMA 2 / AA 1.3	증류수 105.75wt%	KPS 0.32wt% ( 후첨 0.10wt% )	SR-1025 2.83wt%(초기 0.04wt%) / ER-10 0.15wt% / NH4OH 0.29wt%	4.75시간	83
S250424A,B 작업지시서,온도기록표.pdf	S250424A	정주현	재현검증	[909] NG	0.47	0.37	0.56	0.79	5.1e-03		-41.70	80.00	4.14E-03		544.94	BA 38.35 / 2-EHA 38.35 / IBOMA 20 / 2-HEMA 2 / AA 1.3	증류수 105.75wt%	KPS 0.32wt% ( 후첨 0.10wt% )	SR-1025 2.83wt%(초기 0.04wt%) / ER-10 0.15wt%	4.75시간	83
S250424A,B 작업지시서,온도기록표.pdf	S250424B	정주현	재현검증	[911]	0.48	0.46	0.85	0.95	6.5e-03	4	-41.92	140.00	2.50E-03		521.27	BA 89.7 / MMA 9 / AA 1.3	증류수 101.8wt%	KPS 0.33wt% ( 후첨 0.10wt% )	SR-1025 1.50wt%(초기 0.03wt%) / ER-10 0.08wt% / NaHCO3 0.06wt%	4.75시간	83
S250507A,B 작업지시서,온도기록표.pdf	S250507A	이민지	가공용	[909기반] 802 조성	0.46	0.43	0.55	0.93	9.9e-03	8-9	-36.65	50.00	4.15E-03		330.97	BA 74 / IBOA 25 / AA 1	증류수 105.75wt%	KPS 0.32wt% ( 후첨 0.10wt% )	SR-1025 2.83wt%(초기 0.04wt%) / ER-10 0.15wt% / NH4OH 0.24wt%	4.75시간	83
S250507A,B 작업지시서,온도기록표.pdf	S250507B	이민지	가공용	[909기반] 704 조성	0.46	0.43	0.68	0.92	2.0e-03	8-9	-18.26	1600.00	4.15E-03		330.97	BA 67 / MMA 23 / MA 2 / 2-HEA 5 / AA 3	증류수 105.75wt%	KPS 0.32wt% ( 후첨 0.10wt% )	SR-1025 2.83wt%(초기 0.04wt%) / ER-10 0.15wt% / NH4OH 0.24wt%	4.75시간	83
	S250508G	노항우	장기보관성개선	[911기반] MMA 0wt% + EMA 4.5%	0.48	0.46	0.72	0.95	0.01	8-9	-48.87	50.00	2.50E-03		316.07	BA 94.2 / EMA 4.5 / AA 1.3	증류수 101.8wt%	KPS 0.33wt% ( 후첨 0.10wt% )	SR-1025 1.50wt%(초기 0.03wt%) / ER-10 0.08wt% / NaHCO3 0.06wt% / NH4OH 0.20wt%	4.75시간	83
S250508F-H 작업지시서,온도기록표.pdf	S250508F	노항우	장기보관성개선	[911기반] MMA 0wt% + BMA 4.5%	0.48	0.46	0.64	0.96	0.04	8-9	-50.53	50.00	2.50E-03		316.27	BA 94.2 / BMA 4.5 / AA 1.3	증류수 101.8wt%	KPS 0.33wt% ( 후첨 0.10wt% )	SR-1025 1.50wt%(초기 0.03wt%) / ER-10 0.08wt% / NaHCO3 0.06wt% / NH4OH 0.21wt%	4.75시간	83
S250507E-H 작업지시서,온도기록표.pdf	S250507E	박다영	장기보관성개선	[911기반] HDDA 0.5% + ER-10 0.1%	0.48	0.45	0.68	0.93	0.03	8-9	-41.92	50.00	2.52E-03		316.88	BA 89.2 / MMA 9 / A 1.3 / HDDA 0.5	증류수 101.8wt%	KPS 0.33wt% ( 후첨 0.10wt% )	SR-1025 1.50wt%(초기 0.03wt%) / ER-10 0.10wt% / NaHCO3 0.06wt% / NH4OH 0.24wt%	4.75시간	83
S250507E-H 작업지시서,온도기록표.pdf	S250507F	박다영	장기보관성개선	[911기반] HDDA 0.5% + A-10 0.08%	0.48	0.45	0.64	0.94	0.12	8-9	-41.92	505.00	2.50E-03		316.96	BA 89.2 / MMA 9 / A 1.3 / HDDA 0.5	증류수 101.8wt%	KPS 0.33wt% ( 후첨 0.10wt% )	SR-1025 1.50wt%(초기 0.03wt%) / A-10 0.08wt% / NaHCO3 0.06wt% / NH4OH 0.25wt%	4.75시간	83
S250507E-H 작업지시서,온도기록표.pdf	S250507G	박다영	장기보관성개선	[911기반] HDDA 0.75% + ER-10 0.1%	0.48	0.56	0.71	0.93	0.08	8-9	-41.92	50.00	2.53E-03		316.88	BA 88.95 / MMA 9 / AA 1.3 / HDDA 0.75	증류수 101.8wt%	KPS 0.33wt% ( 후첨 0.10wt% )	SR-1025 1.50wt%(초기 0.03wt%) / ER-10 0.10wt% / NaHCO3 0.06wt% / NH4OH 0.24wt%	4.75시간	83
S250507E-H 작업지시서,온도기록표.pdf	S250507H	박다영	장기보관성개선	[911기반] HDDA 0.75% + A-10 0.08%	0.48	0.45	0.69	0.94	0.07	8-9	-41.92	50.00	2.50E-03		316.76	BA 88.95 / MMA 9 / AA 1.3 / HDDA 0.75	증류수 101.8wt%	KPS 0.33wt% ( 후첨 0.10wt% )	SR-1025 1.50wt%(초기 0.03wt%) / A-10 0.08wt% / NaHCO3 0.06wt% / NH4OH 0.24wt%	4.75시간	83
S250508F-H 작업지시서,온도기록표.pdf	S250508H	노항우	장기보관성개선	[911기반] MMA 0wt% + EA 4.5%	0.48	0.46	0.66	0.96	0.03	8-9		50.00	2.50E-03		315.99	BA 94.2 / EA 4.5 / AA 1.3	증류수 101.8wt%	KPS 0.33wt% ( 후첨 0.10wt% )	SR-1025 1.50wt%(초기 0.03wt%) / ER-10 0.08wt% / NaHCO3 0.06wt% / NH4OH 0.19wt%	4.75시간	83
S250509E-H 작업지시서,온도기록표.pdf	S250509E	노항우	난부착용	[913기반] BA > 2-EHA + CHMA > BA + b-CEA 1.5%	0.47	0.42	0.67	0.90	6.4e-03	8-9	-62.12	50.00	3.77E-03		329.39	2-EHA 77.2 / BA 20 / b-CEA 1.5 / AA 1.3	증류수 104.61wt%	KPS 0.32wt% ( 후첨 0.10wt% )	SR-1025 2.83wt%(초기 0.04wt%) / ER-10 0.15wt% / NH4OH 0.24wt%	4.75시간	83
	S250509F	노항우	난부착용	[913기반] BA > 2-EHA + CHMA > BA + b-CEA 3%	0.46	0.46	0.69	0.99	0.01	8-9	-60.90	600.00	3.77E-03		331.49	2-EHA 75.7 / BA 20 / b-CEA 3 / AA 1.3	증류수 104.61wt%	KPS 0.32wt% ( 후첨 0.10wt% )	SR-1025 2.83wt%(초기 0.04wt%) / ER-10 0.15wt% / NH4OH 0.37wt%	4.75시간	83
	S250509G	노항우	난부착용	[913기반] BA > 2-EHA + CHMA > BA + 4-HBA 1.5%	0.47	0.46	0.69	0.98	0.02	8-9	-62.88	250.00	3.77E-03		329.38	2-EHA 77.2 / BA 20 / 4-HBA 1.5 / AA 1.3	증류수 104.61wt%	KPS 0.32wt% ( 후첨 0.10wt% )	SR-1025 2.83wt%(초기 0.04wt%) / ER-10 0.15wt% / NH4OH 0.24wt%	4.75시간	83
S250509E-H 작업지시서,온도기록표.pdf	S250509H	노항우	난부착용	[913기반] BA > 2-EHA + CHMA > BA + 4-HBA 3%	0.47	0.46	0.67	0.98	0.01	8-9	-62.42	250.00	3.77E-03		329.38	2-EHA 75.7 / BA 20 / 4-HBA 3 / AA 1.3	증류수 104.61wt%	KPS 0.32wt% ( 후첨 0.10wt% )	SR-1025 2.83wt%(초기 0.04wt%) / ER-10 0.15wt% / NH4OH 0.24wt%	4.75시간	83
S250513G,H 작업지시서,온도기록표.pdf	S250513H	박다영	칼라강판용	[913기반] GMA 5% + AA 1% + CHMA 12%	0.47	0.45	3.5e-03	0.97	3.5e-03	8-9	-42.10	50.00	3.77E-03		329.42	BA 84 / CHMA 12 / GMA 3 / AA 1	증류수 104.61wt%	KPS 0.32wt% ( 후첨 0.10wt% )	SR-1025 2.83wt%(초기 0.04wt%) / ER-10 0.15wt% / NH4OH 0.24wt%	4.75시간	83
S250513G,H 작업지시서,온도기록표.pdf	S250513G	박다영	칼라강판용	[913기반] GMA 5% + AA 1% + CHMA 5%	0.47	0.45	0.01	0.96	4.3e-03	8-9	-47.75	50.00	3.77E-03		329.42	BA 91 / CHMA 5 / GMA 3 / AA 1	증류수 104.61wt%	KPS 0.32wt% ( 후첨 0.10wt% )	SR-1025 2.83wt%(초기 0.04wt%) / ER-10 0.15wt% / NH4OH 0.24wt%	4.75시간	83
S250515G,H 작업지시서,온도기록표.pdf	S250515G	박다영	가공용	[909기반] HDDA 0.75%	0.46	0.43	0.62	0.92	0.02	8-9		50.00	4.14E-03		330.54	BA 37.98 / 2-EHA 37.98 / IBOMA 20 / 2-HEMA 2 / AA 1.3 / HDDA 0.75	증류수 105.75wt%	KPS 0.32wt% ( 후첨 0.10wt% )	SR-1025 2.83wt%(초기 0.04wt%) / ER-10 0.15wt% / NH4OH 0.21wt%	4.75시간	83
S250515G,H 작업지시서,온도기록표.pdf	S250515H	박다영	가공용	[909기반] HDDA 0.75% + IBOMA 10%	0.46	0.44	0.63	0.94	0.05	8-9		50.00	4.14E-03		330.58	BA 42.98 / 2-EHA 42.98 / IBOMA 10 / 2-HEMA 2 / AA 1.3 / HDDA 0.75	증류수 105.75wt%	KPS 0.32wt% ( 후첨 0.10wt% )	SR-1025 2.83wt%(초기 0.04wt%) / ER-10 0.15wt% / NH4OH 0.22wt%	4.75시간	83
S250604A-C,H 작업지시서,온도기록표.pdf	S250604H	노항우	칼라강판용	[913기반] GMA 3% + AA 1% + CHMA 20% + BA:2-EHA=1:1	0.47	0.45	0.57	0.95	0.05	8-9	-38.02	50.00	3.77E-03		327.96	BA 38 / 2-EHA 38 / CHMA 20 / GMA 3 / AA 1	증류수 104.61wt%	KPS 0.32wt% ( 후첨 0.10wt% )	SR-1025 2.85wt%(초기 0.04wt%) / ER-10 0.15wt% / NH4OH 0.15wt%	4.75시간	83
	S250604C	이민지	난부착용	[917기반] 911 조성 + EMA 4.5% + NDM 0% + AA 0.3% + 2-HEMA 2%	0.47	0.46	0.73	0.97	6.0e-03	8-9	-49.04	50.00	3.77E-03		329.54	BA 93.2 / EMA 4.5 / AA 0.3 / 2-HEMA 2	증류수 105.75wt%	KPS 0.32wt% ( 후첨 0.10wt% )	SR-1025 2.85wt%(초기 0.04wt%) / ER-10 0.15wt% / NH4OH 0.25wt%	4.75시간	83
	S250604B	이민지	난부착용	[917기반] 911 조성 + EMA 4.5% + NDM 0.2%	0.46	0.47	0.75	1.02	0.01	8-9	-48.87	50.00	3.77E-03		332.80	BA 94.2 / EMA 4.5 / AA 1.3 / NDM 0.2	증류수 105.75wt%	KPS 0.32wt% ( 후첨 0.10wt% )	SR-1025 2.85wt%(초기 0.04wt%) / ER-10 0.15wt% / NH4OH 0.23wt% / NH4OH(P/E) 3.235g	4.75시간	83
	S250604A	이민지	난부착용	[917기반] 911 조성 + EMA 4.5% + NDM 0.1%	0.46	0.45	0.74	0.97	1.1e-03	8-9	-48.87	50.00	3.77E-03		332.93	BA 94.2 / EMA 4.5 / AA 1.3 / NDM 0.1	증류수 105.75wt%	KPS 0.32wt% ( 후첨 0.10wt% )	SR-1025 2.85wt%(초기 0.04wt%) / ER-10 0.15wt% / NH4OH 025.wt% / NH4OH(P/E) 3.235g	4.75시간	83
S250529F-H 작업지시서,온도기록표.pdf	S250529H	이민지	난부착용	[917기반] 911 조성 + EMA 4.5% + NDM 0% + AA 1.3% + 2-HEMA 2%	0.47	0.45	0.70	0.97	6.4e-03	8-9	-47.36	80.00	3.77E-03		328.94	BA 92.2 / EMA 4.5 / AA 1.3 / 2-HEMA 2	증류수 105.75wt%	KPS 0.32wt% ( 후첨 0.10wt% )	SR-1025 2.85wt%(초기 0.04wt%) / ER-10 0.15wt% / NH4OH 0.21wt%	4.75시간	83
	S250529G	이민지	난부착용	[917기반] 911 조성 + EMA 4.5% + NDM 0% + AA 0% + 2-HEMA 2%	0.47	0.41	0.57	0.87	1.6e-03	8-9	-49.54	20.00	3.77E-03		328.65	BA 93.5 / EMA 4.5 / 2-HEMA 2	증류수 105.75wt%	KPS 0.32wt% ( 후첨 0.10wt% )	SR-1025 2.85wt%(초기 0.04wt%) / ER-10 0.15wt% / NH4OH 0.20wt%	4.75시간	83
	S250529F	이민지	난부착용	[917기반] 911 조성 + EMA 4.5% + NDM 0%	0.47	0.43	0.77	0.91	1.9e-03		-48.87	50.00	3.77E-03		329.11	BA 94.2 / EMA 4.5 / AA 1.3	증류수 105.75wt%	KPS 0.32wt% ( 후첨 0.10wt% )	SR-1025 2.85wt%(초기 0.04wt%) / ER-10 0.15wt% / NH4OH 0.22wt%	4.75시간	83
S250529A-E 작업지시서,온도기록표.pdf	S250529E	이민지	난부착용	[917기반] 911 조성 + 부모노머 0%	0.46	0.44	0.80	0.95	1.6e-03	8-9	-52.86	50.00	3.77E-03		553.26	BA 98.7 / AA 1.3 / NDM 0.4	증류수 105.75wt%	KPS 0.32wt% ( 후첨 0.10wt% )	SR-1025 2.85wt%(초기 0.04wt%) / ER-10 0.15wt% / NH4OH 0.16wt% / NH4OH(P/E) 5.40g	4.75시간	83
	S250529D	이민지	난부착용	[917기반] 911 조성 + EMA 4.5% + BA>2-EHA	0.46	0.46	0.73	0.98	4.1e-03	8-9	-61.00	100.00	3.77E-03		332.73	2-EHA 94.2 / EMA 4.5 / AA 1.3 / NDM 0.4	증류수 105.75wt%	KPS 0.32wt% ( 후첨 0.10wt% )	SR-1025 2.85wt%(초기 0.04wt%) / ER-10 0.15wt% / NH4OH 0.21wt% / NH4OH(P/E) 3.24g	4.75시간	83
	S250529C	이민지	난부착용	[917기반] 911 조성 + BMA 4.5% + BA>2-EHA	0.46	0.46	0.72	0.99	4.6e-03	8-9	-63.23	50.00	3.77E-03		332.72	2-EHA 94.2 / BMA 4.5 / AA 1.3 / NDM 0.4	증류수 105.75wt%	KPS 0.32wt% ( 후첨 0.10wt% )	SR-1025 2.85wt%(초기 0.04wt%) / ER-10 0.15wt% / NH4OH 0.21wt% / NH4OH(P/E) 3.24g	4.75시간	83
	S250529B	이민지	난부착용	[917기반] 911 조성 + IBOA 4.5%	0.46	0.44	0.74	0.96	3.7e-03	8-9	-50.24	50.00	3.77E-03		332.62	BA 94.2 / IBOA 4.5 / AA 1.3 / NDM 0.4	증류수 105.75wt%	KPS 0.32wt% ( 후첨 0.10wt% )	SR-1025 2.85wt%(초기 0.04wt%) / ER-10 0.15wt% / NH4OH 0.20wt% / NH4OH(P/E) 3.24g	4.75시간	83
	S250529A	이민지	난부착용	[917기반] 911 조성 + LMA 4.5%	0.46	0.45	0.73	0.98	2.8e-03	8-9	-53.05	150.00	3.77E-03		332.48	BA 94.2 / LMA 4.5 / AA 1.3 / NDM 0.4	증류수 105.75wt%	KPS 0.32wt% ( 후첨 0.10wt% )	SR-1025 2.85wt%(초기 0.04wt%) / ER-10 0.15wt% / NH4OH 0.20wt% / NH4OH(P/E) 3.24g	4.75시간	83
S250528A,B 작업지시서,온도기록표.pdf	S250528B	이민지	난부착용	[917기반] 911 조성 + EMA 4.5%	0.46	0.45	0.79	0.96	3.2e-03	8-9	-48.87	50.00	3.77E-03		332.79	BA 94.2 / EMA 4.5 / AA 1.3 / NDM 0.4	증류수 105.75wt%	KPS 0.32wt% ( 후첨 0.10wt% )	SR-1025 2.85wt%(초기 0.04wt%) / ER-10 0.15wt% / NH4OH 0.21wt% / NH4OH(P/E) 3.24g	4.75시간	83
	S250528A	이민지	난부착용	[917기반] 911 조성 + BMA 4.5%	0.46	0.45	0.77	0.96	3.2e-03	8-9	-50.53	100.00	3.77E-03		332.81	BA 94.2 / BMA 4.5 / AA 1.3 / NDM 0.4	증류수 105.75wt%	KPS 0.32wt% ( 후첨 0.10wt% )	SR-1025 2.85wt%(초기 0.04wt%) / ER-10 0.15wt% / NH4OH 0.22wt% / NH4OH(P/E) 3.24g	4.75시간	83
S250527G,H 작업지시서,온도기록표.pdf	S250527H	박다영	칼라강판용	[913기반] GMA 3% + AA 1% + CHMA 12% + BA:2-EHA=1:1	0.47	0.46	0.68	0.97	6.9e-03	8-9	-46.19	50.00	3.77E-03		325.38	BA 42 / 2-EHA 42 / CHMA 12 / GMA 3 / AA 1	증류수 104.61wt%	KPS 0.32wt% ( 후첨 0.10wt% )	SR-1025 2.85wt%(초기 0.04wt%) / ER-10 0.15wt% / NH4OH 0.18wt%	4.75시간	83
	S250527G	노항우	바이오모노머적용	[909기반] IBXA 30%	0.47	0.41	0.57	0.88	3.2e-03	8-9		50.00	4.14E-03		219.65	BA 33.35 / 2-EHA 33.35 / IBXA 30 / 2-HEMA 2 / AA 1.3	증류수 105.75wt%	KPS 0.32wt% ( 후첨 0.10wt% )	SR-1025 2.83wt%(초기 0.04wt%) / ER-10 0.15wt% / NH4OH 0.15wt%	4.75시간	83
S250526A,B 작업지시서,온도기록표.pdf	S250526B	노항우	장기보관성개선	[911기반] MMA 0%	0.48	0.46	0.72	0.95	9.9e-03	8-9	-52.86	50.00	2.50E-03		316.14	BA 98.7 / AA 1.3	증류수 101.8wt%	KPS 0.33wt% ( 후첨 0.10wt% )	SR-1025 1.50wt%(초기 0.03wt%) / ER-10 0.08wt% / NaHCO3 0.06wt% / NH4OH 0.20wt%	4.75시간	83
	S250526A	노항우	장기보관성개선	[919기반] CHMA 15%	0.46	0.42	0.60	0.89	0.07	8-9		50.00	4.14E-03		330.31	BA 41.48 / 2-EHA 41.48 / CHMA 15 / AA 1.3 / HDDA 0.75	증류수 105.75wt%	KPS 0.32wt% ( 후첨 0.10wt% )	SR-1025 2.83wt%(초기 0.04wt%) / ER-10 0.15wt% / NH4OH 0.20wt%	4.75시간	83
S250523F,G 작업지시서,온도기록표.pdf	S250523G	박다영	칼라강판용	[913기반] GMA 3% + AA 1% + CHMA 5% + BA:2-EHA=1:1	0.47	0.46	0.73	0.97	0.03	8-9	-52.79	25.00	3.77E-03		328.65	BA 45.5 / 2-EHA 45.5 / CHMA 5 / GMA 3 / AA 1	증류수 104.61wt%	KPS 0.32wt% ( 후첨 0.10wt% )	SR-1025 2.85wt%(초기 0.04wt%) / ER-10 0.15wt% / NH4OH 0.20wt%	4.75시간	83
	S250523F	노항우	장기보관성개선	[919기반] CHMA 15% : NG(저고형분)	0.47								4.14E-03		326.98	BA 41.48 / 2-EHA 41.48 / CHMA 15 / AA 1.3 / HDDA 0.75	증류수 105.75wt%	KPS 0.32wt% ( 후첨 0.10wt% )	SR-1025 2.83wt%(초기 0.04wt%) / ER-10 0.15wt% / NH4OH 0.wt%	4.75시간	83
S250521H 작업지시서,온도기록표.pdf	S250521H	노항우	바이오모노머적용	[909기반] IBXA 30% : NG(저고형분)	0.47	0.36							4.14E-03		217.98	BA 33.35 / 2-EHA 33.35 / IBXA 30 / 2-HEMA 2 / AA 1.3	증류수 105.75wt%	KPS 0.32wt% ( 후첨 0.10wt% )	SR-1025 2.83wt%(초기 0.04wt%) / ER-10 0.15wt% / NH4OH 0.wt%	4.75시간	83
S250520A 작업지시서,온도기록표.pdf	S250520A	이민지	장기보관성개선	[911기반] EMA 4.5wt% + HDDA 0.75% : NG	0.48	0.45	0.64	0.93	1.1e-03	8-9		50.00	2.50E-03		316.29	BA 93.45 / EMA 4.5 / AA 1.3 / HDDA 0.75	증류수 101.8wt%	KPS 0.33wt% ( 후첨 0.10wt% )	SR-1025 1.50wt%(초기 0.03wt%) / ER-10 0.08wt% / NaHCO3 0.06wt% / NH4OH 0.21wt%	4.75시간	83
S250519A-C,G,H 작업지시서,온도기록표.pdf	S250519H	노항우	난부착용	[917기반] 911 조성	0.46	0.43	0.77	0.93	1.6e-03	8-9		25.00	3.77E-03		333.02	BA 89.7 / MMA 9 / AA 1.3 / NDM 0.4	증류수 105.75wt%	KPS 0.32wt% ( 후첨 0.10wt% )	SR-1025 2.85wt%(초기 0.04wt%) / ER-10 0.15wt% / NH4OH 0.23wt% / NH4OH(P/E) 3.24g	4.75시간	83
	S250519G	박다영	칼라강판용	[913기반] GMA 3% + AA 1% + CHMA 5% + HDDA 0.75%	0.47	0.44	0.74	0.95	0.03	8-9		25.00	3.77E-03		328.78	BA 90.25 / CHMA 5 / GMA 3 / AA 1 / HDDA 0.75	증류수 104.61wt%	KPS 0.32wt% ( 후첨 0.10wt% )	SR-1025 2.85wt%(초기 0.04wt%) / ER-10 0.15wt% / NH4OH 0.20wt%	4.75시간	83
	S250519C	이민지	장기보관성개선	[911기반] EA 4.5wt% + HDDA 0.75%	0.48	0.44	0.69	0.92	0.11	8-9		50.00	2.50E-03		316.52	BA 93.45 / EA 4.5 / AA 1.3 / HDDA 0.75	증류수 101.8wt%	KPS 0.33wt% ( 후첨 0.10wt% )	SR-1025 1.50wt%(초기 0.03wt%) / ER-10 0.08wt% / NaHCO3 0.06wt% / NH4OH 0.23wt%	4.75시간	83
	S250519B	이민지	장기보관성개선	[911기반] EMA 4.5wt% + HDDA 0.75% : NG(응집)	0.48								2.50E-03		312.77	BA 93.45 / EMA 4.5 / AA 1.3 / HDDA 0.75	증류수 101.8wt%	KPS 0.33wt% ( 후첨 0.10wt% )	SR-1025 1.50wt%(초기 0.03wt%) / ER-10 0.08wt% / NaHCO3 0.06wt%	4.75시간	83
	S250519A	이민지	장기보관성개선	[911기반] MMA 4.5wt% + HDDA 0.75%	0.48	0.45	0.45	0.94	0.09	8-9		50.00	2.50E-03		316.48	BA 93.45 / MMA 4.5 / AA 1.3 / HDDA 0.75	증류수 101.8wt%	KPS 0.33wt% ( 후첨 0.10wt% )	SR-1025 1.50wt%(초기 0.03wt%) / ER-10 0.08wt% / NaHCO3 0.06wt% / NH4OH 0.22wt%	4.75시간	83
S250516G,H 작업지시서,온도기록표.pdf	S250516H	노항우	장기보관성개선	[919기반] CHMA 10%	0.46	0.43	0.69	0.91	0.06	8-9		25.00	4.14E-03		330.35	BA 43.98 / 2-EHA 43.98 / CHMA 10 / AA 1.3 / HDDA 0.75	증류수 105.75wt%	KPS 0.32wt% ( 후첨 0.10wt% )	SR-1025 2.83wt%(초기 0.04wt%) / ER-10 0.15wt% / NH4OH 0.wt%	4.75시간	83
	S250516G	노항우	장기보관성개선	[919]	0.46	0.42	0.63	0.91	0.07	8-9		25.00	4.14E-03		330.35	BA 38.98 / 2-EHA 38.98 / CHMA 20 / AA 1.3 / HDDA 0.75	증류수 105.75wt%	KPS 0.32wt% ( 후첨 0.10wt% )	SR-1025 2.83wt%(초기 0.04wt%) / ER-10 0.15wt% / NH4OH 0.wt%	4.75시간	83
S250609A-C,F,G 작업지시서,온도기록표.pdf	S250609A	이민지	난부착용	[917기반] 911 조성 + MMA 0% + NDM 0.1%	0.46	0.44	0.73	0.94	7.0e-04	8-9	-52.86	40.00	3.77E-03		332.74	BA 98.7 / AA 1.3 / NDM 0.1	증류수 105.75wt%	KPS 0.32wt% ( 후첨 0.10wt% )	SR-1025 2.85wt%(초기 0.04wt%) / ER-10 0.15wt% / NH4OH 0.24wt% / NH4OH(P/E) 3.233g	4.75시간	83
	S250609B	이민지	난부착용	[917기반] 911 조성 + IBOA 4.5% + NDM 0.2%	0.46	0.44	0.73	0.95	2.0e-03	8-9	-50.24	40.00	3.77E-03		332.46	BA 94.2 / IBOA 4.5 / AA 1.3 / NDM 0.1	증류수 105.75wt%	KPS 0.32wt% ( 후첨 0.10wt% )	SR-1025 2.85wt%(초기 0.04wt%) / ER-10 0.15wt% / NH4OH 0.22wt% / NH4OH(P/E) 3.233g	4.75시간	83
	S250609C	이민지	난부착용	[917기반] 911 조성 + MMA 4.5% + NDM 0.2%	0.46	0.45	0.74	0.96	6.0e-04	8-9	-47.45	40.00	3.77E-03		332.60	BA 94.2 / MMA 4.5 / AA 1.3 / NDM 0.1	증류수 105.75wt%	KPS 0.32wt% ( 후첨 0.10wt% )	SR-1025 2.85wt%(초기 0.04wt%) / ER-10 0.15wt% / NH4OH 0.23wt% / NH4OH(P/E) 3.233g	4.75시간	83
	S250609F	이민지	난부착용	[917기반] 911 조성 + EMA 4.5% + AA 0.5% + NDM 0.2%	0.46	0.45	0.73	0.97	2.3e-03	8-9	-50.21	50.00	3.77E-03		332.62	BA 94.2 / EMA 4.5 / AA 0.5 / NDM 0.1	증류수 105.75wt%	KPS 0.32wt% ( 후첨 0.10wt% )	SR-1025 2.85wt%(초기 0.04wt%) / ER-10 0.15wt% / NH4OH 0.23wt% / NH4OH(P/E) 3.233g	4.75시간	83
S250609A-C,F,G 작업지시서,온도기록표.pdf	S250609G	이민지	난부착용	[917기반] 911 조성 + EMA 4.5% + AA 1.3% + 2-HEMA 2% + NDM 0.2%	0.46	0.45	0.76	0.96	2.4e-03	8-9	-47.36	100.00	3.77E-03		332.91	BA 92.2 / EMA 4.5 / 2-HEMA 2 / AA 0.5 / NDM 0.1	증류수 105.75wt%	KPS 0.32wt% ( 후첨 0.10wt% )	SR-1025 2.85wt%(초기 0.04wt%) / ER-10 0.15wt% / NH4OH 0.25wt% / NH4OH(P/E) 3.231g	4.75시간	83
S250605H 작업지시서,온도기록표.pdf	S250605H	노항우	논문데이터용	[911기반] SR-1025 2.5% + MMA12/BMA5/AA1	0.48	0.46	0.76	0.97	5.0e-04	8-9	-35.74	50.00	3.58E-03		642.31	BA 82 / MMA 12 / BMA 5 / AA 1	증류수 101.8wt%	KPS 0.33wt% ( 후첨 0.10wt% )	SR-1025 2.50wt%(초기 0.03wt%) / ER-10 0.08wt% / NaHCO3 0.06wt% / NH4OH 0.14wt%	4.75시간	83
S250611A,B,G,H 작업지시서,온도기록표.pdf	S250611A	노항우	논문데이터용	[911기반] SR-1025 2.5% + MMA12/BMA5/AA2	0.47	0.46	0.73	0.97	6.0e-03	8-9	-34.02	50.00	3.57E-03		322.26	BA 81 / MMA 12 / BMA 5 / AA 2	증류수 101.8wt%	KPS 0.33wt% ( 후첨 0.10wt% )	SR-1025 2.50wt%(초기 0.03wt%) / ER-10 0.08wt% / NaHCO3 0.06wt% / NH4OH 0.21wt%	4.75시간	83
	S250611B	노항우	논문데이터용	[911기반] SR-1025 2.5% + MMA12/BMA5/AA5	0.47	0.45	0.69	0.96	0.01	8-9	-28.85	5100.00	3.57E-03		325.82	BA 78 / MMA 12 / BMA 5 / AA 5	증류수 101.8wt%	KPS 0.33wt% ( 후첨 0.10wt% )	SR-1025 2.50wt%(초기 0.03wt%) / ER-10 0.08wt% / NaHCO3 0.06wt% / NH4OH 0.42wt%	4.75시간	83
	S250611G	노항우	레이저컷팅용	[911기반] 주모노머 변경 ( BA > BMA )	0.48						29.97		2.50E-03		312.76	BMA 89.7 / MMA 9 / AA 1.3	증류수 101.8wt%	KPS 0.33wt% ( 후첨 0.10wt% )	SR-1025 1.50wt%(초기 0.03wt%) / ER-10 0.08wt% / NaHCO3 0.06wt%	4.75시간	83
S250611A,B,G,H 작업지시서,온도기록표.pdf	S250611H	노항우	레이저컷팅용	[911기반] 주모노머 변경 ( BA > EA )	0.48	0.45	0.61	0.92	0.01	8-9	-14.51		2.50E-03		315.19	EA 89.7 / MMA 9 / AA 1.3	증류수 101.8wt%	KPS 0.33wt% ( 후첨 0.10wt% )	SR-1025 2.50wt%(초기 0.03wt%) / ER-10 0.08wt% / NaHCO3 0.06wt% / NH4OH 0.15wt%	4.75시간	83
S250612A-C,G,H 작업지시서,온도기록표.pdf	S250612A	이민지	난부착용	[917기반] 911 조성 + IBOA 4.5% + NDM 0%	0.47	0.46	0.75	0.97	0.01	8-9	-50.24	80.00	3.77E-03		329.43	BA 94.2 / IBOA 4.5 / AA 1.3	증류수 105.75wt%	KPS 0.32wt% ( 후첨 0.10wt% )	SR-1025 2.85wt%(초기 0.04wt%) / ER-10 0.15wt% / NH4OH 0.24wt%	4.75시간	83
	S250612B	이민지	난부착용	[917기반] 911 조성 + IBOA 4.5% + 2HEMA 2% + NDM 0%	0.47	0.46	0.75	0.98	7.6e-03	8-9	-48.71	80.00	3.77E-03		329.26	BA 92.2 / IBOA 4.5 / 2-HEMA 2 / AA 1.3	증류수 105.75wt%	KPS 0.32wt% ( 후첨 0.10wt% )	SR-1025 2.85wt%(초기 0.04wt%) / ER-10 0.15wt% / NH4OH 0.23wt%	4.75시간	83
	S250612C	이민지	난부착용	[917기반] 911 조성 + IBOA 4.5% + 2HEMA 2% + NDM 0.1%	0.46	0.45	0.75	0.98	3.3e-03	8-9		120.00	3.77E-03		332.61	BA 92.2 / IBOA 4.5 / 2-HEMA 2 / AA 1.3 / NDM 0.1	증류수 105.75wt%	KPS 0.32wt% ( 후첨 0.10wt% )	SR-1025 2.85wt%(초기 0.04wt%) / ER-10 0.15wt% / NH4OH 0.23wt% / NH4OH(P/E) 3.231g	4.75시간	83
	S250612G	노항우	바이오모노머적용	[911기반] 주모노머 변경 ( BA > NOAA )	0.48	0.43	0.67	0.90	0.01	8-9		25.00	2.50E-03		315.68	NOAA 89.7 / MMA 9 / AA 1.3	증류수 101.8wt%	KPS 0.33wt% ( 후첨 0.10wt% )	SR-1025 1.50wt%(초기 0.03wt%) / ER-10 0.08wt% / NaHCO3 0.06wt% / NH4OH 0.18wt%	4.75시간	83
S250612A-C,G,H 작업지시서,온도기록표.pdf	S250612H	노항우	바이오모노머적용	[911기반] 주모노머 변경 ( BA > Visvoat #184 )	0.48	0.46	0.66	0.95	6.5e-03	8-9		25.00	2.50E-03		315.65	Visvoat#184 89.7 / MMA 9 / AA 1.3	증류수 101.8wt%	KPS 0.33wt% ( 후첨 0.10wt% )	SR-1025 1.50wt%(초기 0.03wt%) / ER-10 0.08wt% / NaHCO3 0.06wt% / NH4OH 0.17wt%	4.75시간	83
S250616A,B 작업지시서,온도기록표.pdf	S250616A	이민지	난부착용	[917기반] 911 조성 + NDM 0.1	0.46	0.46	0.74	0.98	0.01	8-9	-41.92	100.00	3.77E-03		332.58	BA 89.7 / MMA 9 / AA 1.3 / NDM 0.1	증류수 105.75wt%	KPS 0.32wt% ( 후첨 0.10wt% )	SR-1025 2.85wt%(초기 0.04wt%) / ER-10 0.15wt% / NH4OH 0.23wt% / NH4OH(P/E) 3.231g	4.75시간	83
S250616A,B 작업지시서,온도기록표.pdf	S250616B	이민지	난부착용	[917기반] 911 조성 + MMA 4.5% + NDM 0.1	0.46	0.45	0.74	0.97	1.6e-03	8-9	-47.45	50.00	3.77E-03		332.51	BA 94.2 / MMA 4.5 / AA 1.3 / NDM 0.1	증류수 105.75wt%	KPS 0.32wt% ( 후첨 0.10wt% )	SR-1025 2.85wt%(초기 0.04wt%) / ER-10 0.15wt% / NH4OH 0.23wt% / NH4OH(P/E) 3.231g	4.75시간	83
S250617A-D 작업표준서,온도기록표.pdf	S250617A	이민지	난부착용	[917기반] 911 조성 + 2-HEMA 2%	0.47	0.45	0.73	0.95	4.6e-03	8-9	-40.34	80.00	3.77E-03		328.38	BA 87.7 / MMA 9 / 2-HEMA 2 / AA 1.3	증류수 105.75wt%	KPS 0.32wt% ( 후첨 0.10wt% )	SR-1025 2.85wt%(초기 0.04wt%) / ER-10 0.15wt% / NH4OH 0.18wt%	4.75시간	83
	S250617B	이민지	난부착용	[917기반] 911 조성 + MMA 4.5% + 2-HEMA 2%	0.47	0.46	0.76	0.98	6.2e-03	8-9	-45.93	70.00	3.95E-03		328.38	BA 92.2 / MMA 4.5 / 2-HEMA 2 / AA 1.3	증류수 105.75wt%	KPS 0.32wt% ( 후첨 0.10wt% )	SR-1025 2.85wt%(초기 0.04wt%) / ER-10 0.15wt% / NH4OH 0.18wt%	4.75시간	83
	S250617C	이민지	난부착용	[917기반] 911 조성 + 2-HEMA 2% + NDM 0.1%	0.46	0.44	0.69	0.96	3.2e-03	8-9	-40.34	90.00	3.77E-03		331.71	BA 87.7 / MMA 9 / 2-HEMA 2 / AA 1.3 / NDM 0.1	증류수 105.75wt%	KPS 0.32wt% ( 후첨 0.10wt% )	SR-1025 2.85wt%(초기 0.04wt%) / ER-10 0.15wt% / NH4OH 0.18wt% / NH4OH(P/E) 3.186g	4.75시간	83
S250617A-D 작업표준서,온도기록표.pdf	S250617D	이민지	난부착용=921	[917기반] 911 조성 + MMA 4.5% + 2-HEMA 2% + NDM 0.1% = 921	0.46	0.45	0.64	0.96	6.5e-03	8-9	-45.93	100.00	3.77E-03		331.71	BA 92.2 / MMA 4.5 / 2-HEMA 2 / AA 1.3 / NDM 0.1	증류수 105.75wt%	KPS 0.32wt% ( 후첨 0.10wt% )	SR-1025 2.85wt%(초기 0.04wt%) / ER-10 0.15wt% / NH4OH 0.18wt% / NH4OH(P/E) 3.186g	4.75시간	83
S250613F-H 작업표준서,온도기록표.pdf	S250613F	노항우	바이오모노머적용	[913기반] 부모노머 변경 ( CHMA > MEDOL-10 ) : NG(응집)	0.47								4.14E-03		326.97	BA 78.7 / MEDOL-10 20 / AA 1.3	증류수 104.61wt%	KPS 0.32wt% ( 후첨 0.10wt% )	SR-1025 2.83wt%(초기 0.04wt%) / ER-10 0.15wt%	4.75시간	83
	S250613G	노항우	바이오모노머적용	[913기반] 부모노머 변경 ( CHMA > IBOA )	0.46	0.46	0.68	0.98	4.4e-03	8-9	-39.92	50.00	4.14E-03		330.26	BA 78.7 / IBOA 20 / AA 1.3	증류수 104.61wt%	KPS 0.32wt% ( 후첨 0.10wt% )	SR-1025 2.83wt%(초기 0.04wt%) / ER-10 0.15wt% / NH4OH 0.20wt%	4.75시간	83
S250613F-H 작업표준서,온도기록표.pdf	S250613H	노항우	바이오모노머적용	[913기반] 부모노머 변경 ( CHMA > IBOMA )	0.47	0.43	0.46	0.93	0.13	8-9	-40.00	50.00	4.14E-03		329.62	BA 78.7 / IBOMA 20 / AA 1.3	증류수 104.61wt%	KPS 0.32wt% ( 후첨 0.10wt% )	SR-1025 2.83wt%(초기 0.04wt%) / ER-10 0.15wt% / NH4OH 0.16wt%	4.75시간	83
S250624G,H 작업지시서,온도기록표.pdf	S250624G	이민지	장기보관성개선	[920기반] S250519A 재합성	0.48	0.46	0.73	0.95	0.05	8-9		40.00	2.50E-03		316.02	BA 93.45 / MMA 4.5 / AA 1.3 / HDDA 0.75	증류수 101.8wt%	KPS 0.33wt% ( 후첨 0.10wt% )	SR-1025 1.50wt%(초기 0.03wt%) / ER-10 0.08wt% / NaHCO3 0.06wt% / NH4OH 0.20wt%	4.75시간	83
S250624G,H 작업지시서,온도기록표.pdf	S250624H	이민지	난부착용	[917기반] S250617D 재합성	0.46	0.45	0.74	0.97	4.8e-03	8-9		120.00	2.50E-03		332.21	BA 92.2 / MMA 4.5 / 2-HEMA 2 / AA 1.3 / NDM 0.1	증류수 105.75wt%	KPS 0.32wt% ( 후첨 0.10wt% )	SR-1025 2.85wt%(초기 0.04wt%) / ER-10 0.15wt% / NH4OH 0.21wt% / NH4OH(P/E) 3.186g	4.75시간	83
S250619G-H 작업지시서,온도기록표.pdf	S250619G	노항우	장기보관성개선	[920기반] 주모노머 변경 ( BA > NOAA )	0.48	0.46	0.60	0.95	0.03	8-9		50.00	2.50E-03		316.01	NOAA 94.2 / MMA 4.5 / AA 1.3	증류수 101.8wt%	KPS 0.33wt% ( 후첨 0.10wt% )	SR-1025 1.50wt%(초기 0.03wt%) / ER-10 0.08wt% / NaHCO3 0.06wt% / NH4OH 0.20wt%	4.75시간	83
S250619G-H 작업지시서,온도기록표.pdf	S250619H	노항우	장기보관성개선	[920기반] 주모노머 변경 ( BA : NOAA = 1 : 1 )	0.48	0.42	0.54	0.87	0.01	8-9		50.00	2.50E-03		315.33	BA 47.1 / NOAA 47.1 / MMA 4.5 / AA 1.3	증류수 101.8wt%	KPS 0.33wt% ( 후첨 0.10wt% )	SR-1025 1.50wt%(초기 0.03wt%) / ER-10 0.08wt% / NaHCO3 0.06wt% / NH4OH 0.15wt%	4.75시간	83
S250617F-G 작업지시서,온도기록표.pdf	S250617F	노항우	바이오모노머적용	[913기반] 부모노머 변경 ( CHMA > MEDOL-10 : 2차 ) : NG(응집)	0.47								4.14E-03		326.97	BA 78.7 / MEDOL-10 20 / AA 1.3	증류수 105.75wt%	KPS 0.32wt% ( 후첨 0.10wt% )	SR-1025 2.83wt%(초기 0.04wt%) / ER-10 0.15wt% / NH4OH 0.19wt%	4.75시간	83
	S250617G	노항우	바이오모노머적용	[918기반] EMA 10% 추가 첨가	0.46	0.40	0.61	0.87	3.5e-03	8-9		50.00	4.14E-03		329.98	BA 32.98 / 2-EHA 32.98 / IBOMA 20 / EMA 10 / 2-HEMA 2 / AA 1.3 / HDDA 0.75	증류수 105.75wt%	KPS 0.32wt% ( 후첨 0.10wt% )	SR-1025 2.83wt%(초기 0.04wt%) / ER-10 0.15wt% / NH4OH 0.18wt%	4.75시간	83
S250617F-G 작업지시서,온도기록표.pdf	S250617H	노항우	바이오모노머적용	[918기반] MMA 10% 추가 첨가	0.46	0.43	0.71	0.93	1.1e-03	8-9		50.00	4.14E-03		330.12	BA 32.98 / 2-EHA 32.98 / IBOMA 20 / MMA 10 / 2-HEMA 2 / AA 1.3 / HDDA 0.75	증류수 105.75wt%	KPS 0.32wt% ( 후첨 0.10wt% )	SR-1025 2.83wt%(초기 0.04wt%) / ER-10 0.15wt% / NH4OH 0.19wt%	4.75시간	83
S250709A-D 온도기록표,작업지시서.pdf	S250709A	정주현	WPVC대체용	[913기반] HDDA 0.75%	0.46	0.41	0.45	0.89	0.12	8-9		40.00	4.14E-03		329.97	BA 77.95 / CHMA 20 / AA 1.3 / HDDA 0.75	증류수 105.75wt%	KPS 0.32wt% ( 후첨 0.10wt% )	SR-1025 2.83wt%(초기 0.04wt%) / ER-10 0.15wt% / NH4OH 0.18wt%	4.75시간	83
	S250709B	정주현	WPVC대체용	[913기반] HDDA 0.75% + CHMA 10%	0.46	0.41	0.45	0.97	0.02	8-9		100.00	4.14E-03		329.97	BA 87.95 / CHMA 10 / AA 1.3 / HDDA 0.75	증류수 105.75wt%	KPS 0.32wt% ( 후첨 0.10wt% )	SR-1025 2.83wt%(초기 0.04wt%) / ER-10 0.15wt% / NH4OH 0.18wt%	4.75시간	83
	S250709C	정주현	WPVC대체용	[913기반] HDDA 0.75% + CHMA > IBOA 20%	0.46	0.40	0.39	0.86	0.10	8-9		40.00	4.14E-03		329.97	BA 77.95 / IBOA 20 / AA 1.3 / HDDA 0.75	증류수 105.75wt%	KPS 0.32wt% ( 후첨 0.10wt% )	SR-1025 2.83wt%(초기 0.04wt%) / ER-10 0.15wt% / NH4OH 0.18wt%	4.75시간	83
S250709A-D 온도기록표,작업지시서.pdf	S250709D	정주현	WPVC대체용	[913기반] HDDA 0.75% + CHMA > IBOA 10%	0.46	0.43	0.65	0.92	0.04	8-9		40.00	4.14E-03		329.97	BA 87.95 / IBOA 10 / AA 1.3 / HDDA 0.75	증류수 105.75wt%	KPS 0.32wt% ( 후첨 0.10wt% )	SR-1025 2.83wt%(초기 0.04wt%) / ER-10 0.15wt% / NH4OH 0.18wt%	4.75시간	83
S250714A,B 온도기록표,작업지시서.pdf	S250714A	이민지	딥드로잉용	[919기반] 2-HEMA 2%	0.46	0.45	0.74	0.97	5.6e-03	8-9		50.00	4.14E-03		331.21	BA 37.98 / 2-EHA 37.98 / CHMA 20 / AA 1.3 / 2-HEMA 2 / HDDA 0.75	증류수 105.75wt%	KPS 0.32wt% ( 후첨 0.10wt% )	SR-1025 2.83wt%(초기 0.04wt%) / ER-10 0.15wt% / NH4OH 0.25wt%	4.75시간	83
S250714A,B 온도기록표,작업지시서.pdf	S250714B	이민지	딥드로잉용	[919기반] 2-HEMA 2% + BA 단독	0.46	0.43	0.66	0.93	0.07	8-9		50.00	4.14E-03		330.81	BA 75.95 / CHMA 20 / AA 1.3 / 2-HEMA 2 / HDDA 0.75	증류수 105.75wt%	KPS 0.32wt% ( 후첨 0.10wt% )	SR-1025 2.83wt%(초기 0.04wt%) / ER-10 0.15wt% / NH4OH 0.25wt%	4.75시간	83
S250623F-H 작업지시서,온도기록표.pdf	S250623H	노항우	약점용	[919기반] CHMA 배제	0.46	0.44	0.65	0.95	0.03	8-9		50.00	4.14E-03		329.98	BA 48.98 / 2-EHA 48.98 / AA 1.3 / HDDA 0.75	증류수 105.75wt%	KPS 0.32wt% ( 후첨 0.10wt% )	SR-1025 2.83wt%(초기 0.04wt%) / ER-10 0.15wt% / NH4OH 0.18wt%	4.75시간	83
	S250623G	노항우	약점용	[919기반] CHMA > MA	0.47	0.44	0.61	0.95	0.02	8-9		50.00	4.14E-03		329.69	BA 38.98 / 2-EHA 38.98 / MA 20 / AA 1.3 / HDDA 0.75	증류수 105.75wt%	KPS 0.32wt% ( 후첨 0.10wt% )	SR-1025 2.83wt%(초기 0.04wt%) / ER-10 0.15wt% / NH4OH 0.16wt%	4.75시간	83
S250623F-H 작업지시서,온도기록표.pdf	S250623F	노항우	약점용	[919기반] CHMA > EMA	0.46	0.43	0.66	0.91	0.04	8-9		50.00	4.14E-03		329.97	BA 38.98 / 2-EHA 38.98 / EMA 20 / AA 1.3 / HDDA 0.75	증류수 105.75wt%	KPS 0.32wt% ( 후첨 0.10wt% )	SR-1025 2.83wt%(초기 0.04wt%) / ER-10 0.15wt% / NH4OH 0.18wt%	4.75시간	83
S250704G,H 작업지시서,온도기록표.pdf	S250704H	노항우	국책과제용	[911기반] EA 적용	0.48	0.45	0.47	0.93	0.10	8-9			2.50E-03		315.72	BA 89.7 / EA 9 / AA 1.3	증류수 101.8wt%	KPS 0.33wt% ( 후첨 0.10wt% )	SR-1025 1.50wt%(초기 0.03wt%) / ER-10 0.08wt% / NaHCO3 0.06wt% / NH4OH 0.18wt%	4.75시간	83
S250704G,H 작업지시서,온도기록표.pdf	S250704G	노항우	국책과제용	[911기반] MEDOL-10 적용	0.48	0.44	0.63	0.92	0.02	8-9			2.50E-03		315.76	BA 89.7 / MEDOL-10 9 / AA 1.3	증류수 101.8wt%	KPS 0.33wt% ( 후첨 0.10wt% )	SR-1025 1.50wt%(초기 0.03wt%) / ER-10 0.08wt% / NaHCO3 0.06wt% / NH4OH 0.18wt%	4.75시간	83
S250702F-H 작업지시서,온도기록표.pdf	S250702H	노항우	약점용	[919기반] BA 단독 + EMA 40% + AA 5%	0.44	0.43	0.67	0.95	0.01			10000.00	4.14E-03			BA 54.25 / EMA 40 / AA 5 / HDDA 0.75	증류수 105.75wt%	KPS 0.32wt% ( 후첨 0.10wt% )	SR-1025 2.83wt%(초기 0.04wt%) / ER-10 0.15wt% / NH4OH 1.05wt%	4.75시간	83
	S250702G	노항우	약점용	[919기반] BA 단독 + MMA 40% + AA 5%	0.45	0.43	0.73	0.96	7.3e-03			10000.00	4.14E-03			BA 54.25 / MMA 40 / AA 5 / HDDA 0.75	증류수 105.75wt%	KPS 0.32wt% ( 후첨 0.10wt% )	SR-1025 2.83wt%(초기 0.04wt%) / ER-10 0.15wt% / NH4OH 1.03wt%	4.75시간	83
S250702F-H 작업지시서,온도기록표.pdf	S250702F	노항우	약점용	[919기반] BA 단독 + MMA 20% + AA 5%	0.45	0.43	0.75	0.97	0.01			10000.00	4.14E-03			BA 74.25 / MMA 20 / AA 5 / HDDA 0.75	증류수 105.75wt%	KPS 0.32wt% ( 후첨 0.10wt% )	SR-1025 2.83wt%(초기 0.04wt%) / ER-10 0.15wt% / NH4OH 1.03wt%	4.75시간	83
S250710G,H 작업지시서,온도기록표.pdf	S250710H	노항우	약점용	[919기반] BA 단독 + MMA 60% + AA 5% + 고형분 30%	0.29	0.29	0.91	0.99	1.8e-03	7-8		25.00	3.67E-03		516.89	BA 34.25 / MMA 60 / AA 5 / HDDA 0.75	증류수 105.75wt%	KPS 0.32wt% ( 후첨 0.10wt% )	SR-1025 2.83wt%(초기 0.04wt%) / ER-10 0.15wt% / NH4OH 0.60wt%	4.75시간	83
S250710G,H 작업지시서,온도기록표.pdf	S250710G	노항우	약점용	[919기반] BA 단독 + MMA 40% + AA 5% + 고형분 30%	0.29	0.30	0.91	1.02	1.7e-03	7-8		25.00	3.67E-03		517.11	BA 54.25 / MMA 40 / AA 5 / HDDA 0.75	증류수 105.75wt%	KPS 0.32wt% ( 후첨 0.10wt% )	SR-1025 2.83wt%(초기 0.04wt%) / ER-10 0.15wt% / NH4OH 0.61wt%	4.75시간	83
S250717F-H 작업지시서,온도기록표.pdf	S250717H	정주현	WPVC대체용	[913기반] HDDA 0.75% + 2-HEMA 2% + CHMA>IBOA	0.46	0.45		0.97	0.05	8-9		40.00	4.14E-03		330.97	BA 75.95 / IBOA 20 / AA 1.3 / 2-HEMA 2 / HDDA 0.75	증류수 105.75wt%	KPS 0.32wt% ( 후첨 0.10wt% )	SR-1025 2.83wt%(초기 0.04wt%) / ER-10 0.15wt% / NH4OH 0.24wt%	4.75시간	83
	S250717G	정주현	WPVC대체용	[913기반] HDDA 0.75% + 2-HEMA 2% + CHMA 10%	0.46	0.43		0.93	0.01	8-9		40.00	4.14E-03		330.97	BA 85.95 / CHMA 10 / AA 1.3 / 2-HEMA 2 / HDDA 0.75	증류수 105.75wt%	KPS 0.32wt% ( 후첨 0.10wt% )	SR-1025 2.83wt%(초기 0.04wt%) / ER-10 0.15wt% / NH4OH 0.24wt%	4.75시간	83
S250717F-H 작업지시서,온도기록표.pdf	S250717F	정주현	WPVC대체용	[913기반] HDDA 0.75% + 2-HEMA 2%	0.46	0.43		0.93	0.02	8-9		125.00	4.14E-03		330.97	BA 75.95 / CHMA 20 / AA 1.3 / 2-HEMA 2 / HDDA 0.75	증류수 105.75wt%	KPS 0.32wt% ( 후첨 0.10wt% )	SR-1025 2.83wt%(초기 0.04wt%) / ER-10 0.15wt% / NH4OH 0.24wt%	4.75시간	83
S250717A,B,E 작업지시서,온도기록표.pdf	S250717E	이민지	딥드로잉용	[918기반] 2-HEMA 0% + BA:2-EHA=3:7	0.46	0.42		0.90	0.09	9		20.00	4.14E-03		330.97	BA 23.38 / 2-EHA 54.57 / IBOMA 20 / AA 1.3 / HDDA 0.75	증류수 105.75wt%	KPS 0.32wt% ( 후첨 0.10wt% )	SR-1025 2.83wt%(초기 0.04wt%) / ER-10 0.15wt% / NH4OH 0.24wt%	4.75시간	83
	S250717B	이민지	딥드로잉용	[918기반] 2-HEMA 0% + BA:2-EHA=7:3 : NG(응집)	0.47								4.14E-03		326.97	BA 54.57 / 2-EHA 23.38 / IBOMA 20 / AA 1.3 / HDDA 0.75	증류수 105.75wt%	KPS 0.32wt% ( 후첨 0.10wt% )	SR-1025 2.83wt%(초기 0.04wt%) / ER-10 0.15wt%	4.75시간	83
S250717A,B,E 작업지시서,온도기록표.pdf	S250717A	이민지	딥드로잉용	[918기반] 2-HEMA 0% + BA 단독 : NG(응집)	0.47								4.14E-03		326.97	BA 77.95 / IBOMA 20 / AA 1.3 / HDDA 0.75	증류수 105.75wt%	KPS 0.32wt% ( 후첨 0.10wt% )	SR-1025 2.83wt%(초기 0.04wt%) / ER-10 0.15wt%	4.75시간	83
S250723A,B 작업지시서,온도기록표.pdf	S250723B	노항우	4223대체용	[913기반] AOMA 0.75	0.46	0.42	0.50	0.90	0.09	8-9		50.00	4.14E-03		329.64	BA 77.95 / CHMA 20 / AA 1.3 / AOMA 0.75	증류수 105.75wt%	KPS 0.32wt% ( 후첨 0.10wt% )	SR-1025 2.83wt%(초기 0.04wt%) / ER-10 0.15wt% / NH4OH 0.16wt%	4.75시간	83
S250723A,B 작업지시서,온도기록표.pdf	S250723A	노항우	4223대체용	[913기반] DPPA 0.75 : NG(응집)	0.47								4.14E-03		326.97	BA 77.95 / CHMA 20 / AA 1.3 / DPPA 0.75	증류수 105.75wt%	KPS 0.32wt% ( 후첨 0.10wt% )	SR-1025 2.83wt%(초기 0.04wt%) / ER-10 0.15wt%	4.75시간	83
S250721G,H 작업지시서,온도기록표.pdf	S250721H	이민지	딥드로잉용	[918기반] 2-HEMA 0% + BA:2-EHA=7:3 : 재현	0.46	0.44		0.95	0.07	8-9		80.00	4.14E-03		330.79	BA 54.57 / 2-EHA 23.38 / IBOMA 20 / AA 1.3 / HDDA 0.75	증류수 105.75wt%	KPS 0.32wt% ( 후첨 0.10wt% )	SR-1025 2.83wt%(초기 0.04wt%) / ER-10 0.15wt% / NH4OH 0.23wt%	4.75시간	83
S250721G,H 작업지시서,온도기록표.pdf	S250721G	이민지	딥드로잉용	[918기반] 2-HEMA 0% + BA 단독 : 재현	0.46	0.41	0.58	0.88	0.16	8-9		40.00	4.14E-03		330.57	BA 77.95 / IBOMA 20 / AA 1.3 / HDDA 0.75	증류수 105.75wt%	KPS 0.32wt% ( 후첨 0.10wt% )	SR-1025 2.83wt%(초기 0.04wt%) / ER-10 0.15wt% / NH4OH 0.22wt%	4.75시간	83
S250724A,B,F-H 작업지시서,온도기록표.pdf	S250724H	이민지	딥드로잉용	[918기반] 2-HEMA 0% + BA:2-EHA=8:2	0.46	0.45		0.97	0.07	8-9		80.00	4.14E-03		330.49	BA 62.36 / 2-EHA 15.59 / IBOMA 20 / AA 1.3 / HDDA 0.75	증류수 105.75wt%	KPS 0.32wt% ( 후첨 0.10wt% )	SR-1025 2.83wt%(초기 0.04wt%) / ER-10 0.15wt% / NH4OH 0.21wt%	4.75시간	83
	S250724G	이민지	딥드로잉용	[918기반] 2-HEMA 0% + BA:2-EHA=9:1	0.46	0.43		0.92	0.11	8-9		40.00	4.14E-03		330.31	BA 70.15 / 2-EHA 7.80 / IBOMA 20 / AA 1.3 / HDDA 0.75	증류수 105.75wt%	KPS 0.32wt% ( 후첨 0.10wt% )	SR-1025 2.83wt%(초기 0.04wt%) / ER-10 0.15wt% / NH4OH 0.20wt%	4.75시간	83
	S250724F	이민지	딥드로잉용	[918기반] 2-HEMA 0% + BA 단독 : 재현	0.46	0.44	0.73	0.95	0.03	8-9		40.00	4.14E-03		331.61	BA 77.95 / IBOMA 20 / AA 1.3 / HDDA 0.75	증류수 105.75wt%	KPS 0.32wt% ( 후첨 0.10wt% )	SR-1025 2.83wt%(초기 0.04wt%) / ER-10 0.15wt% / NH4OH 0.28wt%	4.75시간	83
	S250724B	노항우	약점용	[919기반] BA 단독 + MMA 40% + AA 3% + 고형분 30%	0.30	0.30	0.92	1.00	1.1e-03	7-8		25.00	3.67E-03		514.87	BA 56.25 / MMA 40 / AA 3 / HDDA 0.75	증류수 105.75wt%	KPS 0.32wt% ( 후첨 0.10wt% )	SR-1025 2.83wt%(초기 0.04wt%) / ER-10 0.15wt% / NH4OH 0.47wt%	4.75시간	83
S250724A,B,F-H 작업지시서,온도기록표.pdf	S250724A	노항우	약점용	[919기반] BA 단독 + MMA 40% + AA 1% + 고형분 30%	0.30	0.29	0.92	0.99	2.1e-03	9		25.00	3.67E-03		512.97	BA 58.25 / MMA 40 / AA 1 / HDDA 0.75	증류수 105.75wt%	KPS 0.32wt% ( 후첨 0.10wt% )	SR-1025 2.83wt%(초기 0.04wt%) / ER-10 0.15wt% / NH4OH 0.36wt%	4.75시간	83
S250729F-H 작업지시서,온도기록표.pdf	S250729F	노항우	약점용	[919기반] BA 단독 + MMA 30% + AA 1% + 고형분 30%	0.30	0.31	0.91	1.03	4.3e-03	8-9		25.00	3.67E-03		511.15	BA 68.25 / MMA 30 / AA 1 / HDDA 0.75	증류수 105.75wt%	KPS 0.32wt% ( 후첨 0.10wt% )	SR-1025 2.83wt%(초기 0.04wt%) / ER-10 0.15wt% / NH4OH 0.25wt%	4.75시간	83
	S250729G	노항우	약점용	[919기반] BA 단독 + MMA 35% + AA 1% + 고형분 30%	0.30	0.29	0.93	0.97	3.0e-03	8-9		25.00	3.67E-03		511.10	BA 63.25 / MMA 35 / AA 1 / HDDA 0.75	증류수 105.75wt%	KPS 0.32wt% ( 후첨 0.10wt% )	SR-1025 2.83wt%(초기 0.04wt%) / ER-10 0.15wt% / NH4OH 0.25wt%	4.75시간	83
S250729F-H 작업지시서,온도기록표.pdf	S250729H	노항우	4223대체용	[913기반] BA : NOAA = 1 : 1	0.46	0.44	0.63	0.96	0.03	8-9		50.00	4.14E-03		330.54	BA 39.35 / NOAA 39.35 / CHMA 20 / AA 1.3	증류수 105.75wt%	KPS 0.32wt% ( 후첨 0.10wt% )	SR-1025 2.83wt%(초기 0.04wt%) / ER-10 0.15wt% / NH4OH 0.21wt%	4.75시간	83
S250811F-H 작업지시서,온도기록표.pdf	S250811H	노항우	약점용	[919기반] BA 단독 + IBOA 40% + AA 1% + 2-HEMA 2% + 고형분 30%	0.30	0.28	0.91	0.93	8.0e-04	8-9	-20.35	25.00	3.67E-03		511.04	BA 56.25 / IBOA 40 / AA 1 / 2-HEMA 2 / HDDA 0.75	증류수 105.75wt%	KPS 0.32wt% ( 후첨 0.10wt% )	SR-1025 2.83wt%(초기 0.04wt%) / ER-10 0.15wt% / NH4OH 0.24wt%	4.75시간	83
	S250811G	노항우	약점용	[919기반] BA 단독 + CHMA 40% + AA 1% + 2-HEMA 2% + 고형분 30%	0.30	0.30	0.92	0.99	2.0e-03	8-9	-13.79	25.00	3.67E-03		511.13	BA 56.25 / CHMA 40 / AA 1 / 2-HEMA 2 / HDDA 0.75	증류수 105.75wt%	KPS 0.32wt% ( 후첨 0.10wt% )	SR-1025 2.83wt%(초기 0.04wt%) / ER-10 0.15wt% / NH4OH 0.25wt%	4.75시간	83
S250811F-H 작업지시서,온도기록표.pdf	S250811F	노항우	약점용	[919기반] BA 단독 + MMA 40% + AA 1% + 2-HEMA 2% + 고형분 30%	0.29	0.30	0.91	0.96	1.3e-03	8-9	2.28	25.00	3.67E-03		511.20	BA 56.25 / MMA 40 / AA 1 / 2-HEMA 2 / HDDA 0.75	증류수 105.75wt%	KPS 0.32wt% ( 후첨 0.10wt% )	SR-1025 2.83wt%(초기 0.04wt%) / ER-10 0.15wt% / NH4OH 0.25wt%	4.75시간	83
S250808F-H 작업지시서,온도기록표.pdf	S250808H	노항우	장기보관성개선	[911기반] MMA 4.5% + POEA 4.5%	0.48	0.46	0.63	0.95	0.09	8-9		50.00	2.50E-03		315.90	BA 89.7 / MMA 4.5 / POEA 4.5 / AA 1.3	증류수 101.8wt%	KPS 0.33wt% ( 후첨 0.10wt% )	SR-1025 1.50wt%(초기 0.03wt%) / ER-10 0.08wt% / NaHCO3 0.06wt% / NH4OH 0.19wt%	4.75시간	83
	S250808G	노항우	장기보관성개선	[911기반] MMA > POEA	0.48	0.44	0.53	0.92	0.09	8-9		50.00	2.50E-03		316.03	BA 89.7 / POEA 9 / AA 1.3	증류수 101.8wt%	KPS 0.33wt% ( 후첨 0.10wt% )	SR-1025 1.50wt%(초기 0.03wt%) / ER-10 0.08wt% / NaHCO3 0.06wt% / NH4OH 0.20wt%	4.75시간	83
S250808F-H 작업지시서,온도기록표.pdf	S250808F	노항우	장기보관성개선	[920기반] MMA > POEA	0.48	0.45	0.57	0.93	0.06	8-9		50.00	2.50E-03		315.78	BA 93.45 / POEA 4.5 / AA 1.3	증류수 101.8wt%	KPS 0.33wt% ( 후첨 0.10wt% )	SR-1025 1.50wt%(초기 0.03wt%) / ER-10 0.08wt% / NaHCO3 0.06wt% / NH4OH 0.18wt%	4.75시간	83
S250801F-H 작업지시서,온도기록표.pdf	S250801H	노항우	약점용	[919기반] BA 단독 + MMA 35% + AA 1% + 2-HEMA 2% + 고형분 30%	0.30	0.28	0.92	0.95	1.4e-03	8-9	-5.14	25.00	3.67E-03		511.09	BA 61.25 / MMA 35 / AA 1 / 2-HEMA 2 / HDDA 0.75	증류수 105.75wt%	KPS 0.32wt% ( 후첨 0.10wt% )	SR-1025 2.83wt%(초기 0.04wt%) / ER-10 0.15wt% / NH4OH 0.25wt%	4.75시간	83
	S250801G	노항우	약점용	[919기반] BA 단독 + MMA 30% + AA 1% + 2-HEMA 2% + 고형분 30%	0.30	0.29	0.90	0.97	2.3e-03	8-9	-12.35	25.00	3.67E-03		511.15	BA 66.25 / MMA 30 / AA 1 / 2-HEMA 2 / HDDA 0.75	증류수 105.75wt%	KPS 0.32wt% ( 후첨 0.10wt% )	SR-1025 2.83wt%(초기 0.04wt%) / ER-10 0.15wt% / NH4OH 0.25wt%	4.75시간	83
S250801F-H 작업지시서,온도기록표.pdf	S250801F	노항우	약점용	[919기반] BA 단독 + MMA 30% + AA 1% + 고형분 30% : 재현	0.30	0.29	0.92	0.97	1.0e-03	8-9	-14.24	25.00	3.67E-03		511.02	BA 68.25 / MMA 30 / AA 1 / HDDA 0.75	증류수 105.75wt%	KPS 0.32wt% ( 후첨 0.10wt% )	SR-1025 2.83wt%(초기 0.04wt%) / ER-10 0.15wt% / NH4OH 0.24wt%	4.75시간	83
S250729F-H 작업지시서,온도기록표.pdf	S250729H	노항우	4223대체용	[913기반] BA : NOAA = 1 : 1	0.46	0.44	0.63	0.96	0.03	8-9		50.00	4.14E-03		330.54	BA 39.35 / NOAA 39.35 / CHMA 20 / AA 1.3	증류수 105.75wt%	KPS 0.32wt% ( 후첨 0.10wt% )	SR-1025 2.83wt%(초기 0.04wt%) / ER-10 0.15wt% / NH4OH 0.21wt%	4.75시간	83
S250821E-H 작업지시서,온도기록표.pdf	S250821H	노항우	약점용	[919기반] BA 단독 + MMA 35% + MAA 3% + 고형분 30%	0.30	0.30	0.92	1.00	1.2e-03	8-9	-2.22	25.00	3.67E-03		512.90	BA 61.25 / MMA 35 / MAA 3 / HDDA 0.75	증류수 105.75wt%	KPS 0.32wt% ( 후첨 0.10wt% )	SR-1025 2.83wt%(초기 0.04wt%) / ER-10 0.15wt% / NH4OH 0.36wt%	4.75시간	83
	S250821G	노항우	약점용	[919기반] BA 단독 + MMA 35% + AA 1% + MAA 2% + 고형분 30%	0.30	0.30	0.91	0.99	1.5e-03	8-9	-2.65	25.00	3.67E-03		512.89	BA 61.25 / MMA 35 / AA 1 / MAA 2 / HDDA 0.75	증류수 105.75wt%	KPS 0.32wt% ( 후첨 0.10wt% )	SR-1025 2.83wt%(초기 0.04wt%) / ER-10 0.15wt% / NH4OH 0.36wt%	4.75시간	83
	S250821F	노항우	약점용	[919기반] BA 단독 + MMA 35% + AA 1% + MAA 1% + 고형분 30%	0.30	0.30	0.91	1.00	1.1e-03	8-9	-4.89	25.00	3.67E-03		511.97	BA 62.25 / MMA 35 / AA 1 / MAA 1 / HDDA 0.75	증류수 105.75wt%	KPS 0.32wt% ( 후첨 0.10wt% )	SR-1025 2.83wt%(초기 0.04wt%) / ER-10 0.15wt% / NH4OH 0.30wt%	4.75시간	83
S250821E-H 작업지시서,온도기록표.pdf	S250821E	노항우	약점용	[919기반] BA 단독 + MMA 35% + MAA 2% + 고형분 30%	0.30	0.30	0.91	0.99	1.7e-03	8-9	-5.31	25.00	3.67E-03		511.97	BA 62.25 / MMA 35 / AA 2 / HDDA 0.75	증류수 105.75wt%	KPS 0.32wt% ( 후첨 0.10wt% )	SR-1025 2.83wt%(초기 0.04wt%) / ER-10 0.15wt% / NH4OH 030wt%	4.75시간	83
S250820E-H 작업지시서,온도기록표.pdf	S250820H	노항우	약점용	[919기반] BA 단독 + MMA 35% + AA 1% + b-CEA 1% + 고형분 30%	0.30	0.29	0.92	0.98	7.4e-04	8-9	-6.32	25.00	3.67E-03		511.43	BA 62.25 / MMA 35 / AA 1 / b-CEA 1 / HDDA 0.75	증류수 105.75wt%	KPS 0.32wt% ( 후첨 0.10wt% )	SR-1025 2.83wt%(초기 0.04wt%) / ER-10 0.15wt% / NH4OH 0.27wt%	4.75시간	83
	S250820G	노항우	약점용	[919기반] BA 단독 + EA 17.5% + IBOMA 17.5% + AA 1% + 고형분 30%	0.30	0.30	0.52	0.99	2.9e-03	8-9	-35.53	25.00	3.67E-03		511.31	BA 63.25 / EA 17.5 / IBOMA 17.5 / AA 1 / HDDA 0.75	증류수 105.75wt%	KPS 0.32wt% ( 후첨 0.10wt% )	SR-1025 2.83wt%(초기 0.04wt%) / ER-10 0.15wt% / NH4OH 0.26wt%	4.75시간	83
	S250820F	노항우	약점용	[919기반] BA 단독 + MMA 17.5% + IBOMA 17.5% + AA 1% + 고형분 30%	0.30	0.30	0.92	0.99	6.0e-04	8-9	-16.43	25.00	3.67E-03		511.21	BA 63.25 / MMA 17.5 / IBOMA 17.5 / AA 1 / HDDA 0.75	증류수 105.75wt%	KPS 0.32wt% ( 후첨 0.10wt% )	SR-1025 2.83wt%(초기 0.04wt%) / ER-10 0.15wt% / NH4OH 0.25wt%	4.75시간	83
S250820E-H 작업지시서,온도기록표.pdf	S250820E	노항우	약점용	[919기반] BA 단독 + MMA 17.5% + EA 17.5% + AA 1% + 고형분 30%	0.30	0.30	0.91	0.99	4.0e-03	8-9	-25.45	25.00	3.67E-03		511.17	BA 63.25 / MMA 17.5 / EA 17.5 / AA 1 / HDDA 0.75	증류수 105.75wt%	KPS 0.32wt% ( 후첨 0.10wt% )	SR-1025 2.83wt%(초기 0.04wt%) / ER-10 0.15wt% / NH4OH 0.25wt%	4.75시간	83
S250819A-E 작업지시서,온도기록표.pdf	S250819E	노항우	논문용	[911기반] SR-1025 2.5% + BA/MMA/BMA/AA=77/12/10/1	0.48								3.57E-03		318.76	BA 77 / MMA 12 / BMA 10 / AA 1	증류수 101.8wt%	KPS 0.33wt% ( 후첨 0.10wt% )	SR-1025 2.50wt%(초기 0.03wt%) / ER-10 0.10wt% / NaHCO3 0.06wt%	4.75시간	83
	S250819D	노항우	논문용	[911기반] SR-1025 2.5% + BA/MMA/BMA/AA=82/12/5/1	0.48								3.57E-03		318.76	BA 82 / MMA 12 / BMA 5 / AA 1	증류수 101.8wt%	KPS 0.33wt% ( 후첨 0.10wt% )	SR-1025 2.50wt%(초기 0.03wt%) / ER-10 0.10wt% / NaHCO3 0.06wt%	4.75시간	83
	S250819C	노항우	논문용	[911기반] SR-1025 2.5% + BA/AN/AA=87/12/1	0.48								3.57E-03		318.76	BA 87 / AN 12 / AA 1	증류수 101.8wt%	KPS 0.33wt% ( 후첨 0.10wt% )	SR-1025 2.50wt%(초기 0.03wt%) / ER-10 0.10wt% / NaHCO3 0.06wt%	4.75시간	83
	S250819B	노항우	논문용	[911기반] SR-1025 2.5% + BA/CHMA/AA=87/12/1	0.48								3.57E-03		318.76	BA 87 / CHMA 12 / AA 1	증류수 101.8wt%	KPS 0.33wt% ( 후첨 0.10wt% )	SR-1025 2.50wt%(초기 0.03wt%) / ER-10 0.10wt% / NaHCO3 0.06wt%	4.75시간	83
S250819A-E 작업지시서,온도기록표.pdf	S250819A	노항우	논문용	[911기반] SR-1025 2.5% + BA/St/AA=87/12/1	0.48								3.57E-03		318.76	BA 87 / St 12 / AA 1	증류수 101.8wt%	KPS 0.33wt% ( 후첨 0.10wt% )	SR-1025 2.50wt%(초기 0.03wt%) / ER-10 0.10wt% / NaHCO3 0.06wt%	4.75시간	83
S250818F-H 작업지시서,온도기록표.pdf	S250818H	노항우	약점용	[919기반] BA 단독 + MMA 17.5% + IBOA 17.5% + MAA 1% + 고형분 30%	0.30	0.29	0.92	0.97	1.3e-03	8-9	-16.12	25.00	3.67E-03		511.03	BA 63.25 / MMA 17.5 / IBOA 17.5 / MAA 1 / HDDA 0.75	증류수 105.75wt%	KPS 0.32wt% ( 후첨 0.10wt% )	SR-1025 2.83wt%(초기 0.04wt%) / ER-10 0.15wt% / NH4OH 0.24wt%	4.75시간	83
	S250818G	노항우	약점용	[919기반] BA 단독 + MMA 35% + MAA 2% + 고형분 30%	0.30	0.29	0.91	0.97	2.3e-03	8-9	-4.48	25.00	3.67E-03		511.00	BA 62.25 / MMA 35 / MAA 2 / HDDA 0.75	증류수 105.75wt%	KPS 0.32wt% ( 후첨 0.10wt% )	SR-1025 2.83wt%(초기 0.04wt%) / ER-10 0.15wt% / NH4OH 0.24wt%	4.75시간	83
S250818F-H 작업지시서,온도기록표.pdf	S250818F	노항우	약점용	[919기반] BA:2-EHA=1:1 + MMA 35% + MAA 1% + 고형분 30%	0.30	0.29	0.93	0.96	1.2e-03	8-9	-6.32	25.00	3.67E-03		510.88	BA 31.63 / 2-EHA 31.63 / MMA 35 / MAA 1 / HDDA 0.75	증류수 105.75wt%	KPS 0.32wt% ( 후첨 0.10wt% )	SR-1025 2.83wt%(초기 0.04wt%) / ER-10 0.15wt% / NH4OH 0.23wt%	4.75시간	83
S250818A-E 작업지시서,온도기록표.pdf	S250818E	노항우	논문용	[911기반] SR-1025 2.5% + BA/BMA/AA=87/12/1	0.48								3.57E-03		318.76	BA 87 / BMA 12 / AA 1	증류수 101.8wt%	KPS 0.33wt% ( 후첨 0.10wt% )	SR-1025 2.50wt%(초기 0.03wt%) / ER-10 0.10wt% / NaHCO3 0.06wt%	4.75시간	83
	S250818D	노항우	논문용	[911기반] SR-1025 2.5% + BA/MMA/AA=83/12/5	0.48								3.57E-03		318.76	BA 83 / MMA 12 / AA 5	증류수 101.8wt%	KPS 0.33wt% ( 후첨 0.10wt% )	SR-1025 2.50wt%(초기 0.03wt%) / ER-10 0.10wt% / NaHCO3 0.06wt%	4.75시간	83
	S250818C	노항우	논문용	[911기반] SR-1025 2.5% + BA/MMA/AA=86/12/2	0.48								3.57E-03		318.76	BA 86 / MMA 12 / AA 2	증류수 101.8wt%	KPS 0.33wt% ( 후첨 0.10wt% )	SR-1025 2.50wt%(초기 0.03wt%) / ER-10 0.10wt% / NaHCO3 0.06wt%	4.75시간	83
	S250818B	노항우	논문용	[911기반] SR-1025 2.5% + BA/MMA/AA=87/12/1	0.48								3.57E-03		318.76	BA 87 / MMA 12 / AA 1	증류수 101.8wt%	KPS 0.33wt% ( 후첨 0.10wt% )	SR-1025 2.50wt%(초기 0.03wt%) / ER-10 0.10wt% / NaHCO3 0.06wt%	4.75시간	83
S250818A-E 작업지시서,온도기록표.pdf	S250818A	노항우	논문용	[911기반] SR-1025 2.5% + BA/MMA/AA=87.5/12/0.5	0.48								3.57E-03		318.76	BA 87.5 / MMA 12 / AA 0.5	증류수 101.8wt%	KPS 0.33wt% ( 후첨 0.10wt% )	SR-1025 2.50wt%(초기 0.03wt%) / ER-10 0.10wt% / NaHCO3 0.06wt%	4.75시간	83
S250813E-H 작업지시서,온도기록표.pdf	S250813H	노항우	약점용	[919기반] BA:2-EHA=1:1 + MMA 35% + AA 1% + 고형분 30%	0.30	0.29	0.91	0.96	1.2e-03	8-9	-6.77	25.00	3.67E-03		511.13	BA 31.63 / 2-EHA 31.63 / MMA 35 / AA 1 / HDDA 0.75	증류수 105.75wt%	KPS 0.32wt% ( 후첨 0.10wt% )	SR-1025 2.83wt%(초기 0.04wt%) / ER-10 0.15wt% / NH4OH 025.wt%	4.75시간	83
	S250813G	노항우	약점용	[919기반] BA:2-EHA=1:1 + MMA 30% + AA 1% + 고형분 30%	0.30	0.29	0.91	0.97	8.0e-04	8-9	-14.61	25.00	3.67E-03		511.20	BA 34.13 / 2-EHA 34.13 / MMA 30 / AA 1 / HDDA 0.75	증류수 105.75wt%	KPS 0.32wt% ( 후첨 0.10wt% )	SR-1025 2.83wt%(초기 0.04wt%) / ER-10 0.15wt% / NH4OH 025.wt%	4.75시간	83
	S250813F	노항우	약점용	[919기반] BA 단독 + MMA 35% + MAA 1% + 고형분 30%	0.30	0.29	0.90	0.95	1.8e-03	8-9	-6.71	25.00	3.67E-03		511.07	BA 63.25 / MMA 35 / MAA 1 / HDDA 0.75	증류수 105.75wt%	KPS 0.32wt% ( 후첨 0.10wt% )	SR-1025 2.83wt%(초기 0.04wt%) / ER-10 0.15wt% / NH4OH 025.wt%	4.75시간	83
S250813E-H 작업지시서,온도기록표.pdf	S250813E	노항우	약점용	[919기반] BA 단독 + MMA 30% + MAA 1% + 고형분 30%	0.30	0.29	0.90	0.95	1.7e-03	8-9	-13.87	25.00	3.67E-03		511.21	BA 68.25 / MMA 30 / MAA 1 / HDDA 0.75	증류수 105.75wt%	KPS 0.32wt% ( 후첨 0.10wt% )	SR-1025 2.83wt%(초기 0.04wt%) / ER-10 0.15wt% / NH4OH 025.wt%	4.75시간	83
S250722F-H 작업지시서,온도기록표.pdf	S250722H	정주현	WPVC대체용	[913기반] HDDA 0.75%	0.46	0.45	0.62	0.98	0.08	9		80.00	4.14E-03		330.97	BA 77.95 / CHMA 20 / AA 1.3 / HDDA 0.75	증류수 104.61wt%	KPS 0.32wt% ( 후첨 0.10wt% )	SR-1025 2.83wt%(초기 0.04wt%) / ER-10 0.15wt% / NH4OH 0.24wt%	4.75시간	83
	S250722G	정주현	WPVC대체용	[913기반] HDDA 0.75% + AA 5%	0.46	0.43	0.63	0.91	0.04	8.5		8650.00	4.14E-03		331.07	BA 74.25 / CHMA 20 / AA 5 / HDDA 0.75	증류수 104.61wt%	KPS 0.32wt% ( 후첨 0.10wt% )	SR-1025 2.83wt%(초기 0.04wt%) / ER-10 0.15wt% / NH4OH 0.25wt%	4.75시간	83
S250722F-H 작업지시서,온도기록표.pdf	S250722F	정주현	WPVC대체용	[913기반] HDDA 0.75% + AA 3%	0.46	0.40	0.60	0.87	0.02	9		100.00	4.14E-03		332.97	BA 76.25 / CHMA 20 / AA 3 / HDDA 0.75	증류수 104.61wt%	KPS 0.32wt% ( 후첨 0.10wt% )	SR-1025 2.83wt%(초기 0.04wt%) / ER-10 0.15wt% / NH4OH 0.36wt%	4.75시간	83
S250827F-H 작업지시서,온도기록표.pdf	S250827F	이민지	WPVC대체용	[921기반] 913 조성 + NDM 0.1%	0.46	0.44	0.70	0.95	2.1e-03	8-9	-36.75	60.00	3.77E-03		332.12	BA 78.7 / CHMA 20 / AA 1.3 / NDM 0.1	증류수 104.61wt%	KPS 0.32wt% ( 후첨 0.10wt% )	SR-1025 2.85wt%(초기 0.04wt%) / ER-10 0.15wt% / NH4OH 0.20wt%	4.75시간	83
	S250827G	이민지	WPVC대체용	[921기반] 913 조성 + NDM 0.2%	0.46	0.45	0.73	0.97	7.6e-03	8-9	-36.75	100.00	3.77E-03		332.28	BA 78.7 / CHMA 20 / AA 1.3 / NDM 0.2	증류수 104.61wt%	KPS 0.32wt% ( 후첨 0.10wt% )	SR-1025 2.85wt%(초기 0.04wt%) / ER-10 0.15wt% / NH4OH 0.20wt%	4.75시간	83
S250827F-H 작업지시서,온도기록표.pdf	S250827H	이민지	WPVC대체용	[921기반] 913 조성 + NDM 0.3%	0.46	0.46	0.75	1.00	3.7e-03	8-9	-36.75	160.00	3.77E-03		332.42	BA 78.7 / CHMA 20 / AA 1.3 / NDM 0.3	증류수 104.61wt%	KPS 0.32wt% ( 후첨 0.10wt% )	SR-1025 2.85wt%(초기 0.04wt%) / ER-10 0.15wt% / NH4OH 0.20wt%	4.75시간	83
S250912A-C 작업지시서,온도기록표.pdf	S250912C	정주현	기초실험	[913기반] IBOMA 20% + MAA 0.5%	0.46	0.42	0.59	0.91	0.04	8-9	-41.38	60.00	4.14E-03		331.57	BA 79.5 / IBOMA 20 / MAA 0.5	증류수 105.75wt%	KPS 0.32wt% ( 후첨 0.10wt% )	SR-1025 2.83wt%(초기 0.04wt%) / ER-10 0.15wt% / NH4OH 0.28wt%	4.75시간	83
	S250912B	정주현	기초실험	[913기반] IBOMA 20% + AA 0.5%	0.46	0.42	0.55	0.91	0.04	8-9	-41.52	40.00	4.14E-03		330.97	BA 79.5 / IBOMA 20 / AA 0.5	증류수 105.75wt%	KPS 0.32wt% ( 후첨 0.10wt% )	SR-1025 2.83wt%(초기 0.04wt%) / ER-10 0.15wt% / NH4OH 0.24wt%	4.75시간	83
S250912A-C 작업지시서,온도기록표.pdf	S250912A	정주현	기초실험	[913기반] IBOMA 20%	0.46	0.42	0.43	0.91	0.06	8-9	-40.00	60.00	4.14E-03		331.47	BA 78.7 / IBOMA 20 / AA 1.3	증류수 105.75wt%	KPS 0.32wt% ( 후첨 0.10wt% )	SR-1025 2.83wt%(초기 0.04wt%) / ER-10 0.15wt% / NH4OH 0.27wt%	4.75시간	83
S250908A-C 작업지시서,온도기록표.pdf	S250908C	정주현	기초실험	[913기반] 2-EHA 적용에 따른 재부착성,젖음성 및 오염성 검토	0.46	0.42	0.59	0.92	0.03	8-9	-37.98	20.00	4.14E-03		332.19	BA 62.96 / 2-EHA 15.74 / CHMA 20 / AA 1.3	증류수 105.75wt%	KPS 0.32wt% ( 후첨 0.10wt% )	SR-1025 2.83wt%(초기 0.04wt%) / ER-10 0.15wt% / NH4OH 0.31wt%	4.75시간	83
	S250908B	정주현	기초실험	[913기반] MAA 적용에 따른 내습성 개선 여부 검토	0.46	0.45	0.65	0.97	0.03	8-9	-38.20	60.00	4.14E-03		330.57	BA 79.5 / CHMA 20 / AA 0.1 / MAA 0.4	증류수 105.75wt%	KPS 0.32wt% ( 후첨 0.10wt% )	SR-1025 2.83wt%(초기 0.04wt%) / ER-10 0.15wt% / NH4OH 0.22wt%	4.75시간	83
S250908A-C 작업지시서,온도기록표.pdf	S250908A	정주현	기초실험	[913기반] 여러가지 부모노머를 쓸 경우의 점착 특성 확인	0.46	0.44	0.67	0.94	0.02	8-9	-42.22	20.00	4.14E-03		331.28	BA 66.96 / 2-EHA 16.74 / MMA 5 / LA 5 / CHMA 5 / MAA 1 / AA 0.3	증류수 105.75wt%	KPS 0.32wt% ( 후첨 0.10wt% )	SR-1025 2.83wt%(초기 0.04wt%) / ER-10 0.15wt% / NH4OH 0.26wt%	4.75시간	83
S250903E-H 작업지시서,온도기록표.pdf	S250903H	이민지	WPVC대체용	[913기반] AA 3% + IBOMA 20%	0.46	0.41	0.55	0.89	0.03	8-9	-36.78	60.00	4.14E-03		332.97	BA 77 / IBOMA 20 / AA 3	증류수 105.75wt%	KPS 0.32wt% ( 후첨 0.10wt% )	SR-1025 2.83wt%(초기 0.04wt%) / ER-10 0.15wt% / NH4OH 0.36wt%	4.75시간	83
	S250903G	이민지	WPVC대체용	[913기반] AA 2% + IBOMA 20%	0.46	0.44	0.62	0.96	0.04	8-9	-38.67	40.00	4.14E-03		332.97	BA 78 / IBOMA 20 / AA 2	증류수 105.75wt%	KPS 0.32wt% ( 후첨 0.10wt% )	SR-1025 2.83wt%(초기 0.04wt%) / ER-10 0.15wt% / NH4OH 0.36wt%	4.75시간	83
	S250903F	이민지	WPVC대체용	[913기반] AA 3% + IBOA 20%	0.46	0.44	0.60	0.94	0.03	8-9	-36.71	60.00	4.14E-03		332.97	BA 77 / IBOA 20 / AA 3	증류수 105.75wt%	KPS 0.32wt% ( 후첨 0.10wt% )	SR-1025 2.83wt%(초기 0.04wt%) / ER-10 0.15wt% / NH4OH 0.36wt%	4.75시간	83
S250903E-H 작업지시서,온도기록표.pdf	S250903E	이민지	WPVC대체용	[913기반] AA 2% + IBOA 20%	0.46	0.44	0.59	0.96	0.04	8-9	-38.60	60.00	4.14E-03		332.97	BA 78 / IBOA 20 / AA 2	증류수 105.75wt%	KPS 0.32wt% ( 후첨 0.10wt% )	SR-1025 2.83wt%(초기 0.04wt%) / ER-10 0.15wt% / NH4OH 0.36wt%	4.75시간	83
S250902A-C 작업지시서,온도기록표.pdf	S250902C	정주현	WPVC대체용	[913기반] AA 3% + CHMA 10%	0.46	0.42	0.54	0.92	0.02	8-9	-42.32	40.00	4.14E-03		333.27	BA 87 / CHMA 10 / AA 3	증류수 105.75wt%	KPS 0.32wt% ( 후첨 0.10wt% )	SR-1025 2.83wt%(초기 0.04wt%) / ER-10 0.15wt% / NH4OH 0.38wt%	4.75시간	83
	S250902B	정주현	WPVC대체용	[913기반] AA 2% + CHMA 30%	0.46	0.43	0.57	0.94	0.05	8-9	-25.70	20.00	4.14E-03		332.97	BA 68 / CHMA 30 / AA 2	증류수 105.75wt%	KPS 0.32wt% ( 후첨 0.10wt% )	SR-1025 2.83wt%(초기 0.04wt%) / ER-10 0.15wt% / NH4OH 0.36wt%	4.75시간	83
S250902A-C 작업지시서,온도기록표.pdf	S250902A	정주현	WPVC대체용	[913기반] AA 2% + CHMA 10%	0.46	0.44	0.62	0.96	0.04	8-9	-44.07	40.00	4.14E-03		332.97	BA 88 / CHMA 10 / AA 2	증류수 105.75wt%	KPS 0.32wt% ( 후첨 0.10wt% )	SR-1025 2.83wt%(초기 0.04wt%) / ER-10 0.15wt% / NH4OH 0.36wt%	4.75시간	83
S250901G,H 작업지시서,온도기록표.pdf	S250901H	이민지	WPVC대체용	[921기반] 913 조성 + NDM 0.2% + AA 3%	0.45	0.44	0.74	0.96	9.5e-03	8-9	-33.61	500.00	3.77E-03		339.31	BA 77 / CHMA 20 / AA 3 / NDM 0.2	증류수 104.61wt%	KPS 0.32wt% ( 후첨 0.10wt% )	SR-1025 2.83wt%(초기 0.04wt%) / ER-10 0.15wt% / NH4OH 0.62wt%	4.75시간	83
S250901G,H 작업지시서,온도기록표.pdf	S250901G	이민지	WPVC대체용	[921기반] 913 조성 + NDM 0.2% + AA 2%	0.46	0.44	0.75	0.96	0.01	8-9	-35.46	80.00	3.77E-03		335.22	BA 78 / CHMA 20 / AA 2 / NDM 0.2	증류수 104.61wt%	KPS 0.32wt% ( 후첨 0.10wt% )	SR-1025 2.83wt%(초기 0.04wt%) / ER-10 0.15wt% / NH4OH 0.38wt%	4.75시간	83
S250814H 작업지시서,온도기록표.pdf	S250814H	노항우	장기보관성개선	[920기반] SR-1025 : PP-70 = 7 : 3	0.48	0.44	0.66	0.91	0.02	8-9	-47.45	50.00	2.02E-03		314.69	BA 94.2 / MMA 4.5 / AA 1.3	증류수 101.8wt%	KPS 0.33wt% ( 후첨 0.10wt% )	SR-1025 1.06wt%(초기 0.03wt%) / PP-70 0.44wt% / ER-10 0.08wt% / NaHCO3 0.06wt% / NH4OH 0.23wt%	4.75시간	83
S250923F-H 작업지시서,온도기록표.pdf	S250923F	이민지	WPVC대체용	[913기반] AA 0.5% + IBOMA 25%	0.46	0.43	0.63	0.92	0.05	8-9	-37.72	60.00	4.14E-03		330.97	BA 74.5 / IBOMA 25 / AA 0.5	증류수 105.75wt%	KPS 0.32wt% ( 후첨 0.10wt% )	SR-1025 2.83wt%(초기 0.04wt%) / ER-10 0.15wt% / NH4OH 0.24wt%	4.75시간	83
	S250923G	이민지	WPVC대체용	[913기반] AA 0.5% + IBOMA 30%	0.46	0.44	0.70	0.94	0.04	8-9	-33.60	60.00	4.14E-03		330.97	BA 69.5 / IBOMA 30  / AA 0.5	증류수 105.75wt%	KPS 0.32wt% ( 후첨 0.10wt% )	SR-1025 2.83wt%(초기 0.04wt%) / ER-10 0.15wt% / NH4OH 0.24wt%	4.75시간	83
S250923F-H 작업지시서,온도기록표.pdf	S250923H	이민지	WPVC대체용	[913기반] AA 0.5% + IBOMA 20% + 2-HEMA 2%	0.46	0.43	0.66	0.92	0.03	8-9	-39.73	60.00	4.14E-03		330.97	BA 77.5 / IBOMA 20 / AA 0.5 / 2-HEMA 2	증류수 105.75wt%	KPS 0.32wt% ( 후첨 0.10wt% )	SR-1025 2.83wt%(초기 0.04wt%) / ER-10 0.15wt% / NH4OH 0.24wt%	4.75시간	83
S250924G,H 작업지시서,온도기록표.pdf	S250924H	노항우	장기보관성개선	[920기반] SR-1025 : PP-70 = 8 : 2	0.48	0.46	0.61	0.95	0.05	8-9	-47.45	50.00	2.50E-03		313.28	BA 94.2 / MMA 4.5 / AA 1.3	증류수 101.8wt%	KPS 0.33wt% ( 후첨 0.10wt% )	SR-1025 1.21wt%(초기 0.03wt%) / PP-70 0.29wt% / ER-10 0.08wt% / NaHCO3 0.06wt% / NH4OH 0.11wt%	4.75시간	83
S250924G,H 작업지시서,온도기록표.pdf	S250924G	노항우	장기보관성개선	[920기반] SR-1025 : PP-70 = 9 : 1	0.48	0.44	0.63	0.91	0.02	8-9	-47.45	50.00	2.50E-03		313.64	BA 94.2 / MMA 4.5 / AA 1.3	증류수 101.8wt%	KPS 0.33wt% ( 후첨 0.10wt% )	SR-1025 1.35wt%(초기 0.03wt%) / PP-70 0.15wt% / ER-10 0.08wt% / NaHCO3 0.06wt% / NH4OH 0.09wt%	4.75시간	83
S250925G,H 작업지시서,온도기록표.pdf	S250925G	노항우	장기보관성개선	[920기반] SR-1025 : PP-70 = 6 : 4	0.49	0.44	0.63	0.91	6.7e-03	8-9	-47.45	50.00	2.50E-03		311.70	BA 94.2 / MMA 4.5 / AA 1.3	증류수 101.8wt%	KPS 0.33wt% ( 후첨 0.10wt% )	SR-1025 0.91wt%(초기 0.03wt%) / PP-70 0.59wt% / ER-10 0.08wt% / NaHCO3 0.06wt% / NH4OH 0.09wt%	4.75시간	83
S250925G,H 작업지시서,온도기록표.pdf	S250925H	노항우	장기보관성개선	[920기반] SR-1025 : PP-70 = 5 : 5 ( 합성 실패 _ 응집 )	0.49						-47.45		2.50E-03		309.46	BA 94.2 / MMA 4.5 / AA 1.3	증류수 101.8wt%	KPS 0.33wt% ( 후첨 0.10wt% )	SR-1025 0.77wt%(초기 0.03wt%) / PP-70 0.74wt% / ER-10 0.08wt% / NaHCO3 0.06wt%	4.75시간	83
S250926H 작업지시서,온도기록표.pdf	S250926H	노항우	장기보관성개선	[920기반] SR-1025 : PP-70 = 5 : 5	0.94	0.45	0.63	0.91	0.01	8-9	-47.45	50.00	2.50E-03		311.24	BA 94.2 / MMA 4.5 / AA 1.3	증류수 101.8wt%	KPS 0.33wt% ( 후첨 0.10wt% )	SR-1025 0.77wt%(초기 0.03wt%) / PP-70 0.74wt% / ER-10 0.08wt% / NaHCO3 0.06wt% / NH4OH 0.1wt%	4.75시간	83
S250929H 작업지시서,온도기록표.pdf	S250929H	노항우	장기보관성개선	[920기반] SR-1025 : PP-70 = 0 : 10 ( 합성 실패 _ 유화X )	0.49						-47.45		2.51E-03		306.15	BA 94.2 / MMA 4.5 / AA 1.3	증류수 101.8wt%	KPS 0.33wt% ( 후첨 0.10wt% )	SR-1025 0.03wt%(초기 0.03wt%) / PP-70 1.47wt% / ER-10 0.08wt% / NaHCO3 0.06wt%	4.75시간	83
S250930H 작업지시서,온도기록표.pdf	S250930H	노항우	장기보관성개선	[920기반] SR-1025 : PP-70 = 1 : 9 ( 합성 실패 _ 응집 )	0.49						-47.45		2.51E-03		306.81	BA 94.2 / MMA 4.5 / AA 1.3	증류수 101.8wt%	KPS 0.33wt% ( 후첨 0.10wt% )	SR-1025 0.18wt%(초기 0.03wt%) / PP-70 1.32wt% / ER-10 0.08wt% / NaHCO3 0.06wt%	4.75시간	83
S251002G,H 작업지시서,온도기록표.pdf	S251002H	이민지	기초실험	[921기반] MMA > 2-PEA 적용	0.46	0.47	0.77	1.00	6.3e-03	8-9	-50.44	180.00	3.77E-03		332.59	BA 92.2 / 2-PEA 4.5 / 2-HEMA 2 / AA 1.3 / NDM 0.1	증류수 104.61wt%	KPS 0.32wt% ( 후첨 0.10wt% )	SR-1025 2.85wt%(초기 0.04wt%) / ER-10 0.15wt% / NH4OH 0.23wt% / NH4OH(P/E) 3.186g	4.75시간	83
S251002G,H 작업지시서,온도기록표.pdf	S251002G	이민지	기초실험	[920기반] MMA > 2-PEA 적용	0.48	0.47	0.72	0.98	0.07	8-9	-51.94		2.50E-03		316.56	BA 94.2 / 2-PEA 4.5 / AA 1.3	증류수 101.8wt%	KPS 0.33wt% ( 후첨 0.10wt% )	SR-1025 1.50wt%(초기 0.03wt%) / ER-10 0.08wt% / NaHCO3 0.06wt% / NH4OH 0.23wt%	4.75시간	83
S251014F-H 작업지시서,온도기록표.pdf	S251014F	노항우	장기보관성개선	[920기반] SR-3025 : PP-70 = 10 : 0	0.49	0.43	0.64	0.89	0.05	8-9	-47.45	50.00	2.50E-03		314.79	BA 94.2 / MMA 4.5 / AA 1.3	증류수 101.8wt%	KPS 0.33wt% ( 후첨 0.10wt% )	SR-3025 1.50wt%(초기 0.03wt%) / ER-10 0.08wt% / NaHCO3 0.06wt% / NH4OH 0.12wt%	4.75시간	83
	S251014G	노항우	장기보관성개선	[920기반] SR-3025 : PP-70 = 6 : 4 ( 합성 실패 _ 응집 )	0.49						-47.45		2.51E-03		310.12	BA 94.2 / MMA 4.5 / AA 1.3	증류수 101.8wt%	KPS 0.33wt% ( 후첨 0.10wt% )	SR-3025 0.91wt%(초기 0.03wt%) / PP-70 0.59wt% / ER-10 0.08wt% / NaHCO3 0.06wt%	4.75시간	83
S251014F-H 작업지시서,온도기록표.pdf	S251014H	노항우	장기보관성개선	[920기반] SR-3025 : PP-70 = 5 : 5 ( 합성 실패 _ 응집 )	0.47						-47.45		2.51E-03		309.46	BA 94.2 / MMA 4.5 / AA 1.3	증류수 101.8wt%	KPS 0.33wt% ( 후첨 0.10wt% )	SR-3025 0.77wt%(초기 0.03wt%) / PP-70 0.74wt% / ER-10 0.08wt% / NaHCO3 0.06wt%	4.75시간	83
S251016G,H 작업지시서,온도기록표.pdf	S251016G	노항우	기초실험	[918기반] IBOMA > DCPA	0.47	0.45	0.56	0.97	0.09	8-9	-40.03	50.00	4.14E-03		329.13	BA 37.98 / 2-EHA 37.98 / DCPA 20 / 2-HEMA 2 / AA 1.3 / HDDA 0.75	증류수 105.75wt%	KPS 0.32wt% ( 후첨 0.10wt% )	SR-1025 2.83wt%(초기 0.04wt%) / ER-10 0.15wt% / NH4OH 0.13wt%	4.75시간	83
S251016G,H 작업지시서,온도기록표.pdf	S251016H	노항우	기초실험	[913기반] CHMA > EDMA	0.47	0.40	0.58	0.86	0.01	8-9	-44.02	50.00	4.14E-03		329.13	BA 78.7 / EDMA 20 / 1.3	증류수 105.75wt%	KPS 0.32wt% ( 후첨 0.10wt% )	SR-1025 2.83wt%(초기 0.04wt%) / ER-10 0.15wt% / NH4OH 0.13wt%	4.75시간	83
S251017E-H 작업지시서,온도기록표.pdf	S251017E	노항우	장기보관성개선	[911기반] ref.	0.48	0.44	0.72	0.91	4.5e-03	8-9	-41.92	25.00	2.50E-03		314.81	BA 89.7 / MMA 9 / AA 1.3	증류수 101.8wt%	KPS 0.33wt% ( 후첨 0.10wt% )	SR-1025 1.50wt%(초기 0.03wt%) / ER-10 0.10wt% / NaHCO3 0.06wt% / NH4OH 0.12wt%	4.75시간	83
	S251017F	노항우	장기보관성개선	[911기반] 한화연 A-10 0.08%	0.48	0.46	0.63	0.95	0.02	8-9	-41.92	50.00	2.50E-03		314.41	BA 89.7 / MMA 9 / AA 1.3	증류수 101.8wt%	KPS 0.33wt% ( 후첨 0.10wt% )	SR-1025 1.50wt%(초기 0.03wt%) / A-10 0.10wt% / NaHCO3 0.06wt% / NH4OH 0.12wt%	4.75시간	83
	S251017G	노항우	장기보관성개선	[911기반] 한화연 A-10-A 0.08%	0.48	0.46	0.66	0.95	0.02	8-9	-41.92	25.00	2.50E-03		314.43	BA 89.7 / MMA 9 / AA 1.3	증류수 101.8wt%	KPS 0.33wt% ( 후첨 0.10wt% )	SR-1025 1.50wt%(초기 0.03wt%) / A-10-A 0.10wt% / NaHCO3 0.06wt% / NH4OH 0.12wt%	4.75시간	83
S251017E-H 작업지시서,온도기록표.pdf	S251017H	노항우	장기보관성개선	[911기반] 한화연 E-10 0.08%	0.48	0.45	0.62	0.92	0.02	8-9	-41.92	25.00	2.50E-03		314.42	BA 89.7 / MMA 9 / AA 1.3	증류수 101.8wt%	KPS 0.33wt% ( 후첨 0.10wt% )	SR-1025 1.50wt%(초기 0.03wt%) / E-10 0.10wt% / NaHCO3 0.06wt% / NH4OH 0.12wt%	4.75시간	83
S251020H 작업지시서,온도기록표.pdf	S251020H	노항우	기초실험	[918기반] 2-HEMA > HPA	0.47	0.43	0.61	0.93	0.03	8-9	-42.10	50.00	4.14E-03		329.63	BA 37.98 / 2-EHA 37.98 / IBOMA 20 / HPA 2 / AA 1.3 / HDDA 0.75	증류수 105.75wt%	KPS 0.32wt% ( 후첨 0.10wt% )	SR-1025 2.83wt%(초기 0.04wt%) / ER-10 0.15wt% / NH4OH 0.16wt%	4.75시간	83
